CustomerID,lightgbm_clv_90d,lightgbm_churn_90d_probability
12347,638.9666979396475,0.02661234702015691
12348,746.655388729557,0.2550169994777619
12353,72.31476497035297,0.7508220611820721
12354,245.6196881502933,0.7133091284656617
12355,443.8767989323686,0.36636496248369815
12356,697.4556585258341,0.3076906846479177
12359,365.18211901148607,0.16880326530353104
12360,0.0,0.6491778542086932
12362,463.1292981451409,0.34829366682418794
12363,58.28421927677665,0.8577606750975172
12372,649.9819128605226,0.43308689217412577
12379,225.6465623364663,0.67891070117987
12380,443.78094374375246,0.32008522858012434
12383,322.8893074482907,0.2139790611578255
12393,380.31651612099233,0.3380067683882931
12394,174.36613255869298,0.70046879673223
12395,429.39333460710475,0.10722772691957433
12399,776.2603796937321,0.10379624566781517
12406,2098.6692004125252,0.5199347776095128
12407,200.3068607098673,0.3667011538545916
12408,645.0440380170384,0.08871121963968162
12409,14255.248130447593,0.3245851760991875
12412,366.14463497044414,0.2151758270092438
12413,516.3223944879351,0.1168263649840206
12414,434.47046869940044,0.204243800974779
12415,20603.69315132533,0.0067065827931366605
12417,1052.1777407851725,0.017247997796648838
12421,376.19659197433253,0.29053464220271175
12422,329.30971676583516,0.1821431146497576
12423,869.369127049381,0.040083528593020355
12426,428.1439826647093,0.49908500766260266
12428,426.1169499957892,0.2861312558540102
12429,865.08822129335,0.06527883969630485
12431,663.5753960039926,0.09265797081674022
12432,6067.552175781564,0.11329630513852389
12437,1420.5514048415985,0.008430332533294336
12444,211.87994201594572,0.21566046164310884
12447,226.03946136778467,0.5592061059216724
12449,512.7042063477966,0.5206052950526419
12450,209.79182232246632,0.42644454846555263
12451,238.88339385538296,0.20264250778577658
12455,420.2730245860163,0.13069181089011167
12457,0.0,0.8381434312033823
12463,1231.0365913594387,0.13325014920937275
12464,421.3440581955736,0.32778095704789456
12465,441.60657760978904,0.4094182913498826
12468,518.8028045566202,0.13123297295984854
12471,1906.3401626187976,0.12874951166996693
12472,0.0,0.32028988697404553
12473,388.35656501178966,0.0587467583408634
12474,915.8848079733461,0.0493765810174848
12476,1128.2419432300514,0.11475099677328263
12477,830.3523377958186,0.3321502566425555
12481,1896.432330869267,0.013189832159869755
12483,961.1041603055518,0.01831340913037694
12484,446.3709782988386,0.18186494653070315
12490,508.1069513432873,0.07470193970530138
12493,371.00451589250025,0.1488986620752227
12494,453.6487457713197,0.07864143193611446
12500,295.35343375201654,0.4209534239130417
12502,499.0364427805264,0.25210117401559834
12506,77.82601326423807,0.9430251664513027
12516,237.30978312531062,0.6657574988468984
12517,580.1064572685276,0.11863933399087524
12520,645.8793082466219,0.1326192631959734
12523,380.93746079196643,0.45932190181587607
12524,1798.0936748518336,0.10700962125786656
12530,406.0824023675727,0.27576155023985044
12535,210.41058629516903,0.5130332936496915
12540,4575.732438606641,0.042611727976848396
12541,240.77221619029044,0.4843574662305519
12547,247.27965814851296,0.09385194029099708
12548,217.25217877924368,0.493798971048898
12553,468.3133346358199,0.06653630090252496
12562,1121.6866323338384,0.03118410745113934
12567,2687.5355038813154,0.02194629617486197
12569,1588.9848663401951,0.032500982305839345
12573,125.58930389885455,0.3171659477731154
12576,359.7231735583646,0.4342839583513479
12580,380.52220816125345,0.27353777897808224
12582,456.18266924314776,0.18508621447387621
12583,663.4931605256252,0.05176033449042085
12584,205.75453514220126,0.4533672876699044
12585,416.5779399768611,0.3462506634712722
12590,7930.400676419368,0.2581479593287121
12592,139.74606269631985,0.7051255572476782
12593,107.70813808777967,0.7042619480568516
12594,1541.3266063864635,0.015940603310621082
12596,133.25073744132123,0.5774124023165539
12597,338.7882178269985,0.47735541605426046
12598,316.9393452472339,0.4303885135010468
12599,353.299945218603,0.047454111312442024
12600,511.261689294092,0.14742872657350795
12601,376.4878436179665,0.13804668745794343
12609,512.2088251090454,0.16149562021682973
12613,894.3045760703674,0.10812481938198314
12615,614.8058218164884,0.319812048391682
12619,532.6366911901306,0.09623649371636334
12620,141.43075407688323,0.5905208681211319
12621,565.7098104756018,0.01566235427366476
12622,56.40344706146401,0.8851684523639658
12624,203.92947724437278,0.5972621939559439
12625,777.1634889594574,0.18417346006045082
12633,629.1247748033561,0.1873055419374839
12637,440.12459848384435,0.2816046956382437
12639,279.02370089009514,0.3884818053437487
12643,1265.7231297156684,0.005533725109313924
12645,564.6336080244726,0.23641798892439297
12647,734.3844847176614,0.11345437791037988
12649,190.09590120891204,0.5963355691747271
12654,404.1564181743809,0.09851667691562521
12656,743.9757171240267,0.4024219382748065
12662,681.7689965643527,0.03321874547195145
12664,681.1155878362771,0.09447865045313363
12670,663.9473703867773,0.14969715431094624
12674,658.4496877518916,0.12692837181134722
12676,408.20439810426416,0.319211482411222
12678,0.0,0.4733492480372647
12679,326.9643182367286,0.15351402118380886
12681,1653.3585715225436,0.04496625361592689
12682,2449.913749037331,0.005928305625339145
12683,2010.9508517278425,0.00556885792036193
12684,1474.0862939335423,0.007702985311518655
12690,164.63996077146098,0.7634276734996023
12693,483.9379012070993,0.2041360271580092
12694,441.62107295309954,0.40760562551744794
12695,100.52628206612854,0.7639776994532588
12697,302.05895860208665,0.251144121528985
12700,228.8877189128688,0.37294653218994994
12701,172.09231775005628,0.4835020538587047
12704,271.7129539394715,0.5772534516961282
12705,2043.2826764875495,0.06477481371396804
12708,1227.6787360015123,0.014683526814124674
12709,2150.3064954582255,0.009629316205696821
12710,548.8820400911591,0.28169430889477565
12712,2150.4467525821688,0.023856154975727323
12714,519.4737288422491,0.014241451836344784
12717,381.30988257793996,0.45206519377920057
12720,801.6609679381671,0.01411917452175705
12721,760.3339940044696,0.03644986711952608
12724,320.39177919093555,0.4567324213578392
12726,923.9961984378895,0.05557280109287618
12727,705.3473827409174,0.2888290130504787
12731,2900.182436995503,0.047886288352391844
12732,116.76884169369386,0.5550318651950032
12733,146.85194297504407,0.7392760102287282
12744,0.0,0.2738767005269572
12747,432.3217617620359,0.0932962883030045
12748,4419.150621468438,0.0010619857254187315
12749,727.3984879522947,0.3751326598130082
12753,124.71296863199335,0.3727278207939829
12754,0.0,0.2493643471202228
12757,598.6678451316213,0.09810306345270539
12759,417.5411420722895,0.25907207479239036
12766,1278.579822884445,0.3292829197246497
12769,0.0,0.5307775922818005
12770,235.03685776012787,0.4646615932199523
12775,1005.3215590580794,0.04402516228964487
12778,413.56539986234793,0.06579817275342785
12779,1375.6253854714828,0.017246803024558062
12787,89.45789105912141,0.7802715216241215
12790,281.87265787810776,0.599894916987689
12798,1038.4868204474526,0.4182686786860117
12802,452.2726934235979,0.22962492264788908
12808,332.03920825861087,0.7183616192443442
12809,598.7476409256822,0.2315474449341904
12815,558.6595999059472,0.6112257506148375
12816,167.2553403605899,0.7030114053179478
12821,150.92061581182497,0.6396573978280953
12826,327.5786163250918,0.4464398325903679
12830,0.0,0.8858336674586305
12836,319.41192169355907,0.33815883722589507
12837,98.60097957726597,0.791431847287439
12839,680.8342771013562,0.02124913309506224
12840,1268.9498188728192,0.04567490701505205
12841,649.6841048176809,0.009713669903092246
12843,468.7557795326987,0.010597100118395283
12853,381.14074310758497,0.20722915935974268
12854,397.8060092799604,0.19366355953211048
12857,439.16343645520783,0.31470079467668943
12867,1077.2114632924859,0.10046945201002012
12868,530.9714188421656,0.04374694884531494
12871,101.01588274861419,0.8432011103586886
12876,467.2737782947492,0.2122017361530575
12877,391.6831724759145,0.029338985760878785
12878,499.9553804134662,0.31869811271724097
12886,522.3755061003546,0.4324769586942687
12888,162.12370793614886,0.2861908320707608
12891,362.3924626827875,0.41803847272877875
12897,419.0532361143243,0.10544568200064759
12901,2374.4207242017965,0.005060950948681508
12904,78.75661268418038,0.7758311787623751
12909,298.0532757330722,0.3984050813836714
12910,627.3361112954208,0.14747156026335304
12916,638.7577304866337,0.2980930284496248
12919,351.4502560140836,0.6787298102319417
12921,1878.0433871949203,0.008401261396477152
12924,653.7047270602355,0.03214776109610915
12928,421.59620686029166,0.2827847723560532
12930,87.68628920171028,0.9382950343498001
12931,3052.130368025578,0.029926367246389373
12933,228.56875419030115,0.4464646726339979
12935,756.3292732009271,0.08578759554870101
12937,128.3817697650242,0.22793937184226792
12942,407.13928045289026,0.08906666794291888
12947,1073.5091367132616,0.01796532648927649
12948,299.51129673057494,0.15921103379548962
12949,1219.8656311089164,0.2274212663840845
12951,339.32717463119957,0.04850786700901449
12955,427.83741332179324,0.10682244825804048
12957,609.5633897491665,0.041543790855557164
12971,1789.6217480194427,0.0031154121586435633
12974,94.55121695232262,0.7909407078438482
12976,427.3702439828424,0.3146792794990604
12980,2485.32719120289,0.006388475274886071
12982,123.30296276112989,0.701523352872442
12987,167.37584182619668,0.734123331076331
12989,1070.6794171279148,0.07821971599662965
12990,387.8696627846605,0.27845129972603805
12993,475.79566934441283,0.16034916013490766
12997,388.24270082187127,0.299226529558444
12999,64.75206201159584,0.20203564289594858
13001,1681.9217661927355,0.15281649721122198
13003,131.20976595839065,0.5537022382846125
13004,951.5821342311567,0.01719698100421024
13005,283.6763685626668,0.15151699380609326
13012,387.46039321555884,0.10339322817363072
13013,924.0386202054518,0.1889945763207275
13014,327.4778481225457,0.05254508104149027
13015,635.9258913143117,0.018099483404280386
13018,1791.837412822468,0.08528171088298271
13021,433.7064400176378,0.10161451070604552
13026,131.67420885318964,0.528907907894303
13027,335.35119949126187,0.6347594262745381
13037,265.2893467003474,0.2608174949769872
13038,354.7420889726473,0.2049649538753612
13047,862.7187822846257,0.027387848211651265
13048,541.6129599311663,0.17568150584891198
13050,893.958672484587,0.015539674821079418
13052,300.34509960875744,0.38907580498437316
13055,330.7198809467022,0.3489029018467449
13059,223.8001740702911,0.2655998517614289
13062,276.73949966135837,0.5107270012461506
13069,1250.631616010135,0.004393509257126458
13070,223.66667720183358,0.7573170827200271
13078,2367.4319994168804,0.001328279404670232
13080,79.8262055548823,0.5694534352753705
13081,6306.940628824114,0.13230459011456774
13082,1023.2603884502622,0.024006594019472454
13089,15710.925177377583,0.005323599341142613
13090,1269.6567787054867,0.014575359628848627
13092,393.31181539497777,0.6289984986511067
13094,812.4001077390727,0.045767596230004474
13097,1336.1287989710124,0.031727309145985004
13098,7649.440482765045,0.006034439677621805
13101,71.90046697903615,0.8274757702621848
13102,1241.4640829979205,0.05781539535757713
13107,441.4530446793137,0.05586687413448181
13113,873.8837613178032,0.013326747442307552
13115,858.3078875003592,0.2820448434770785
13117,362.832682359132,0.23021297835996535
13118,392.1351446736087,0.3791791541052016
13120,272.69892463896105,0.5109540106414283
13122,492.0867370569968,0.4342516250154558
13124,738.0071475053487,0.44867176471520737
13131,207.20645238446835,0.713015806766705
13134,1320.55582396141,0.06376106483310424
13136,190.46937624954464,0.7363795708642411
13137,324.2195457627591,0.25135132434612306
13138,335.923484215081,0.6329671100236122
13139,589.5638343931811,0.33176977930573565
13141,515.4183842820406,0.11548149104798272
13148,373.9349184389899,0.22840513186473618
13157,323.793690100671,0.576128714197024
13162,665.8217359985994,0.09282749844869898
13168,380.9128522960186,0.2768523848343602
13169,337.03591506954933,0.3284379322804949
13178,1491.6369223831973,0.02069051172330786
13183,628.4283251785971,0.05128891591049399
13184,760.4817099373157,0.011301042936754702
13192,359.930184354336,0.6613329282548868
13198,565.7716615600283,0.4610132643571187
13199,2330.5004401220813,0.009827156215090666
13203,80.52156451434654,0.5708895327337921
13208,226.57273518781236,0.22248312740751708
13209,0.0,0.1506109835872078
13213,662.5865861802362,0.1293383147680616
13220,483.54042351346254,0.414049659755026
13221,406.3328549729231,0.2395358213004503
13223,137.75839280665093,0.30724662424659305
13225,860.8068280201621,0.09765758785992668
13227,121.46670211002258,0.6801405015459491
13229,85.8660236578122,0.7544227639190897
13230,0.0,0.031402427583636
13232,1037.225236385186,0.04345321863113628
13235,35.37524974545304,0.4349559579323399
13238,314.3848828525456,0.18623298482731349
13240,334.18844345104,0.23880016201356333
13242,108.13673041553392,0.5406492113362601
13243,471.7357821633044,0.8303513375121799
13246,1094.9259899091403,0.035507983817410355
13248,218.26829690735113,0.3950560508223907
13258,95.0397713972326,0.6003818948394956
13263,2931.20095518796,0.000986831814212685
13265,1077.2869379003262,0.03567873401167098
13266,2091.3369102469346,0.06474359513063663
13267,710.5114362979803,0.08338275418963322
13268,388.24566855283274,0.03579656654831483
13269,1317.267774754608,0.027806122867125395
13282,197.92385144344854,0.6319720984368742
13283,33.555786601877884,0.8483890711496311
13285,422.8299532155497,0.42864691925830295
13294,1005.0389166067758,0.07059595534394766
13300,311.01276430278807,0.34769433333358235
13301,317.5120242900309,0.33928567491662887
13305,350.37757568475064,0.25161632338150125
13308,421.33180813358126,0.33995719573311517
13309,411.60373281744864,0.2280223562984827
13310,499.3323937876667,0.08068349297767613
13313,455.95924571314765,0.19493079676019584
13317,453.53999825142944,0.04532112138397826
13319,1988.9316970289844,0.0066284567615733725
13320,313.53776930319606,0.5191367506848971
13324,2439.1506593557783,0.13991374877641474
13327,611.5027153319036,0.11817142982522037
13330,291.7112523771981,0.17508407073463925
13334,608.7355660691701,0.3384810913442788
13339,449.53110431134814,0.3903021622320774
13343,372.16834806222306,0.29626923846165887
13362,578.3751642200483,0.2914496318287454
13365,155.94816576156055,0.4571440251116644
13376,241.6504416155146,0.27005701883057026
13381,686.4105703302823,0.1598523854439156
13384,1087.145632316372,0.48389911101721583
13389,139.25520364733222,0.522490602209615
13391,195.09702134722048,0.46982886218771663
13394,500.05209780096845,0.37604287429528677
13395,283.50867802097815,0.8749025061860578
13397,367.4683414301356,0.07989868715420108
13398,724.4738341207064,0.0981367394806861
13404,109.50599558371334,0.6755996770315134
13405,473.81371422983835,0.07261441282681975
13408,1166.733043131505,0.002428704035643713
13410,236.89276745993007,0.7246294151457556
13417,79.8806091167356,0.9076950006130045
13418,2412.472636203705,0.006882427425684225
13420,142.27774814881965,0.6604374370521681
13425,384.2158310690949,0.46414698781496144
13426,758.6818552655311,0.050085671210481596
13427,134.81685024968135,0.5536589068238411
13435,565.1509041114218,0.09143499906969997
13437,2252.779890918463,0.09819637869454607
13448,593.1736090684662,0.3482277577760685
13450,1096.1177581110162,0.4778503052774952
13451,373.91950679904795,0.28307711777233846
13453,429.2092435593382,0.2034444066790175
13456,445.63224444637416,0.476853002537156
13458,1887.5344824875358,0.02940677745014846
13461,545.0529539183499,0.6578223968295009
13462,162.59785060514076,0.4489268236445056
13466,247.4066992423216,0.8311789756145753
13468,1200.0535626909245,0.04199997326159573
13474,112.66999598926375,0.8019801844018976
13475,634.6083971702052,0.1979691778182496
13476,379.9536041461776,0.2515847439023415
13477,396.0455844404165,0.12232579615784121
13479,179.05018698368048,0.30579887935892625
13481,481.3540309714829,0.05375317560056062
13482,97.8171977492457,0.7473023023395884
13484,198.32580354471392,0.25127706940419975
13485,376.12832638609797,0.502497126819753
13487,436.4922307609703,0.17559199866400038
13488,661.7921894917032,0.10381264985203582
13491,330.7583107190568,0.596354439754783
13492,227.40483039550838,0.5378933470558892
13495,479.9860979976761,0.2993522971321693
13499,300.9302050239911,0.25595918703265036
13505,4511.751919472018,0.07317402617686004
13508,189.41810374461886,0.5121703075722132
13510,486.4320735000674,0.07214765262167853
13515,165.09934092217523,0.6361612276456019
13516,99.20429178097861,0.6920794339450423
13517,373.67774255963985,0.1968390403683903
13520,681.6550192387087,0.27237125966613257
13523,470.2505908741633,0.13627529853120784
13524,151.82605650999744,0.19103175202531217
13525,157.45178618623817,0.568827306716679
13527,449.83820771858836,0.2039076143209963
13529,75.7655100517581,0.6539894509996322
13531,391.8915502225102,0.13722753752568806
13533,115.58600432394402,0.6400146637718372
13534,1657.447815197997,0.03368495965122311
13538,234.3078797741876,0.7125248265978138
13539,332.2789160823116,0.46881932929858816
13544,81.86907114355488,0.5886823961576526
13546,99.01141709357101,0.6217836980909947
13548,129.87576188936032,0.7260644394059963
13549,217.9548460688312,0.3448736883072151
13552,1588.1351811863678,0.014595209336865925
13555,1445.0742504819445,0.07896656289604509
13561,70.90992773952304,0.7979580166148125
13562,363.9247158422717,0.4040040089460311
13568,63.84362674434698,0.7422186518496255
13570,99.96940272444276,0.6300860078337529
13571,771.642141365944,0.025441047113962775
13572,636.3533427205142,0.7800700965979551
13575,224.25315171155265,0.8210998423061705
13576,1454.9049685767593,0.0058141578101194935
13577,169.4952074153846,0.40650550332983576
13589,71.59504087122565,0.8630429887568363
13590,782.2662923525263,0.054854930850935686
13591,315.43921304121113,0.11650161908357638
13592,119.64408759842067,0.3613269939534436
13599,555.9034744402161,0.03864773196876546
13601,139.28983451623202,0.7688418145686049
13606,346.1495924989908,0.19250380416334087
13610,383.71330421262496,0.08311277577502543
13611,346.36201118307724,0.31510771296007645
13614,288.0254942063832,0.6038980029499813
13617,44.12664518103229,0.8810543860687082
13618,77.63030492651815,0.6091697356775277
13623,436.386846748127,0.29805422928856456
13626,247.90693678285265,0.5282550263289899
13627,726.1035536725669,0.019436489594687176
13629,2413.5765125971216,0.015412398593781976
13630,523.8784621579492,0.05335557279499953
13631,3608.576238027943,0.004022722937060664
13632,419.85094160036215,0.1914041968429204
13634,409.0679801690462,0.2095574390538941
13636,456.00829075544567,0.14751790871376488
13637,401.9790045078266,0.21080464069608756
13642,119.00344002298594,0.8794139118385303
13643,125.41109849473207,0.5573345089175489
13647,552.7213103191491,0.17882005828162675
13650,307.8680317175966,0.15580559178844533
13654,1021.7961371462883,0.032143753753049883
13655,164.8585105914162,0.42423898621013617
13656,602.2419916387048,0.2330928920568192
13657,90.45985705105986,0.6603185245251127
13658,217.0028377160768,0.47426890036809427
13659,471.5233158601225,0.23666213159950356
13662,276.7394653492623,0.34284340550025955
13663,100.55396961332076,0.45325605765468185
13668,1926.3010855616299,0.0029422362871614908
13682,24.266962805644322,0.9326402456047448
13686,74.33536735959419,0.7885992786150933
13692,577.1368196716141,0.29737326132461617
13694,15214.55639654489,0.018330335047537123
13695,440.61299613055303,0.032975578937587756
13700,843.7613457419068,0.029930553834263976
13709,980.8043473097356,0.20379686808378167
13711,102.84410643373252,0.662657605181613
13712,125.66740993247456,0.7487075023847367
13717,886.7893284266014,0.03246243065287051
13718,504.2210596648593,0.17769811079802306
13719,213.3825037653866,0.10138022116364849
13720,256.073009570909,0.06240100156728225
13723,117.31701665143532,0.5515322740170864
13725,380.89618622171236,0.007971466554133427
13728,392.8231757584215,0.24630788817623153
13731,179.47481017518848,0.41197380167462455
13735,455.8000566355907,0.14097234542157985
13737,204.37835095546603,0.6365902436923165
13740,132.458764017079,0.4646049069216154
13741,245.86720256973555,0.305392493586686
13742,701.8142502667564,0.0027687673752552935
13743,294.2939612332826,0.12207552667895136
13748,368.706751924579,0.38267295341704965
13750,537.0816648253608,0.12890328346636862
13752,1068.478886105828,0.05792698237926443
13756,691.4188026112422,0.025846804550181117
13758,1629.432854825093,0.11116192016281475
13761,564.8790180226778,0.15785992575788152
13762,281.0081014933146,0.15225856407949442
13767,2072.590321972023,0.005735034219382103
13769,371.3548806640222,0.2013921287919596
13771,955.2352530459846,0.11204589446588249
13772,184.90134767696483,0.5338305051388414
13777,3132.3412454027907,0.0034196597986744792
13780,32.67185171633505,0.8938535377418896
13781,255.16440245567446,0.3149826761652244
13782,347.41629201975945,0.3291144287364427
13784,1507.2910521586039,0.08283772737417158
13791,186.52129204218025,0.3844341813456156
13798,10282.70506444853,0.010090941798850006
13811,95.73321347141626,0.1949421638795994
13815,0.0,0.29673065582625213
13824,839.728680791839,0.12190217089363489
13826,68.49866827953466,0.7043829903177478
13831,555.3903563914553,0.05067521824422608
13835,170.0696729406234,0.7293023094725782
13837,400.582120284794,0.14952697758593933
13841,128.9443891465378,0.5007669295180227
13842,504.7464382153212,0.0802393493983274
13846,392.4109595182558,0.18145719524512396
13849,121.02982861047956,0.7878213360706695
13854,2247.9853410644996,0.06003899301981199
13856,325.7070288048467,0.6458814348283045
13862,552.7135492083313,0.034767517633094124
13863,283.0877342999786,0.5083570998001103
13865,327.1926282966873,0.42930155230080086
13867,71.24847855383393,0.783756289327615
13870,1007.055100921038,0.06022040973516327
13871,194.98924831538312,0.23146051153448788
13873,385.26985867199664,0.12043758278683861
13875,424.41031655390725,0.12147114186920598
13880,1098.098170331422,0.013707832841008008
13881,3814.031902041227,0.008474389445697419
13883,527.555155023134,0.46887062968841303
13885,325.5449379296894,0.42769617018970474
13887,213.18370788229035,0.4038466053180607
13888,92.20392648478558,0.7386041578803316
13892,104.56491894916097,0.22115487980136397
13895,95.91948070808259,0.6528849558133506
13900,208.35711380465864,0.08299419216910273
13908,290.6908619772349,0.3039479991888141
13911,1255.7205421280737,0.012092627757465071
13917,53.69350420857853,0.9051069857583616
13929,590.0747920801401,0.07873254600204518
13936,143.9211264687236,0.24551399861712403
13937,240.5644458737935,0.6690816437897199
13941,663.2493083576477,0.4014760652740839
13946,285.44101213120996,0.14796071970404584
13950,63.216327726773905,0.6790505382114214
13951,833.1008806374663,0.017632426732111486
13952,1159.7106523263706,0.1209299884063188
13953,581.0514078891184,0.6662986555708957
13956,186.11386414671546,0.3610046956178802
13962,145.92276436797363,0.5533603695026357
13969,1820.0651317123477,0.0024744013973163285
13971,819.547315352888,0.02982554606242213
13972,62.72934020526956,0.7714091117053751
13975,261.38960465624825,0.4524649968421055
13976,264.13311899213136,0.6772374181372597
13982,400.2478886127723,0.23368879839147735
13983,398.1684777553915,0.09523463870123394
13984,686.2563686503413,0.5981015260934978
13985,424.7022941248259,0.1151776134579545
13988,570.333706202313,0.3102661289302356
13989,240.36909812370916,0.28374767360237213
13990,235.67505059827812,0.4428842762950743
13993,830.9450627570286,0.036410044867244355
13995,197.19439983530123,0.4483410521589594
13999,722.0302287449897,0.02152479055978901
14000,146.4055771689481,0.5242261877620144
14001,500.7116153190216,0.425056936133489
14004,482.9314179357314,0.2763804620722558
14005,747.5811932714792,0.06961640555597592
14006,325.1458773845962,0.37950343400629544
14009,693.6178557788957,0.07813687434722047
14016,535.3137827982761,0.3813987897730904
14021,264.57704256852446,0.34354324685070486
14022,347.2726686930308,0.3395576311262643
14023,294.3070677153543,0.18001976581458157
14030,269.2251794017375,0.21879520975840847
14031,1891.2603630960414,0.08966382724276
14032,976.3766114217026,0.027699487939717604
14037,258.54264968689176,0.6056045789478213
14038,435.6884666821306,0.41532302756055633
14040,991.9975448003545,0.036806330585220995
14047,604.7311331759604,0.05128327136215751
14049,0.0,0.12260568011034188
14051,1512.5353764924337,0.1845668515648693
14056,1611.5200421199083,0.18327923344662914
14057,869.0705820291968,0.058230912254623186
14060,2043.0574600451334,0.010018176041844375
14062,1420.4176039551494,0.1472315644571978
14064,413.8982748189492,0.2684135118909304
14077,190.97397404529642,0.10463400109758929
14078,720.1378495531965,0.02039999288555482
14083,388.6454394977347,0.10386126219422102
14085,696.2939712741556,0.021192526010833695
14088,12960.926971395897,0.09453654013666603
14092,889.6241559955572,0.03860977615000132
14099,377.3927666811039,0.09731263367341063
14101,1028.0834752734825,0.08313045607498575
14104,151.57973775217278,0.41073890204698066
14105,0.0,0.3097992463524777
14107,913.2173452764561,0.0265686340554133
14110,568.937458441236,0.07315994847585044
14111,108.36202353201925,0.6142595834077316
14112,354.1021987594657,0.19879613994054285
14132,512.2094219507953,0.6474494688231749
14135,925.6981776684398,0.04448265765192926
14145,268.64356103204693,0.36472311429377596
14148,93.22362206083676,0.9077847655294558
14149,261.5355441622491,0.5828730485489663
14152,285.91427553810485,0.3502978821654639
14154,0.0,0.5458882636043337
14156,16525.276251217405,0.0020068457687186653
14159,363.1679922501487,0.08874847071168646
14161,289.8149049679658,0.4276699359764259
14162,342.6474668255899,0.21646614223599556
14163,591.5009835283979,0.30908380236957467
14167,410.8907677159123,0.23711833292871431
14173,60.40024453245701,0.9049703086206511
14175,727.9531695053693,0.17146623057178306
14177,53.794844192257315,0.857587697630444
14178,77.48513212923396,0.5334816385135057
14180,1126.2928972581394,0.010542910622091112
14188,374.3423666519974,0.2208420421631549
14189,687.0428833049931,0.03547486008885602
14191,682.4596554114764,0.11603836945788021
14194,1801.4320097298964,0.016395763883161385
14195,989.6524205920689,0.03734548961502313
14198,98.88207297208902,0.5348249037971335
14199,76.97492505353455,0.5035971919238988
14201,330.8207028109656,0.03528140287790291
14206,183.10559452268848,0.8011687270735265
14209,493.27141329204744,0.08021633798142391
14210,791.721704973721,0.08473306313614609
14211,238.70906133450055,0.4125930341497454
14214,156.2133988020955,0.7707857714005133
14215,324.84301394475983,0.47666184012340096
14217,648.0560247993049,0.02338395286331082
14220,486.72555504321997,0.12326479467407297
14221,1217.8233317160568,0.007159434758783777
14222,598.4806985601211,0.2246001961921918
14224,408.8515225671524,0.14065442260253316
14226,728.320140563245,0.23916924227874628
14227,1483.7329496434104,0.02967523313899637
14231,810.9459601796052,0.02176311757015226
14232,429.1899417854406,0.19612872691682415
14233,605.7306667318936,0.07243831451936658
14235,537.3984859975017,0.3380194318304084
14239,238.70114335696266,0.1250692528257873
14240,85.57587011052425,0.8046703278040537
14241,194.70955426885695,0.6288570419196655
14242,348.87620701764575,0.5095975399567048
14243,833.0314376087579,0.03745796635129274
14245,260.2150013059985,0.3179129183773966
14246,191.18886077888743,0.39978287599966583
14257,321.61208524062977,0.10081370377532926
14258,2400.8189966373093,0.06321056283351394
14262,106.46732901449198,0.7884410366822167
14264,118.71831858715873,0.9003018430603339
14271,66.27182271921401,0.9125833014322546
14273,90.43980745804458,0.853185227114385
14276,358.28343495311407,0.11309651647309592
14277,586.1575564805032,0.3379422146605322
14280,76.35856702378717,0.5175692635312119
14282,920.8945202513852,0.01794700123639741
14285,212.85446709098537,0.6944148262851929
14286,0.0,0.3975355280909214
14287,174.68542790899198,0.32805099850552705
14288,231.2000906136215,0.5770076860817855
14289,492.94480869167256,0.00793971862392583
14291,146.3272507438498,0.058131690756695574
14292,649.715905387925,0.2892277084093983
14298,21818.27294477089,0.0022473146236070343
14304,182.1050206268335,0.7793068258995938
14307,669.1461256427061,0.16681322762308262
14309,428.18643537260976,0.034313830540591166
14311,211.05332925403565,0.5520777070453012
14312,411.69665519086163,0.1853685612787982
14315,378.34180773670903,0.10300347128689484
14320,393.3451537866864,0.1744501989866051
14321,363.23671253790604,0.31265931909150724
14323,213.7209007269181,0.3999366658463124
14326,58.09916530457967,0.6044838895247674
14327,144.31274144711452,0.6167557074427027
14329,293.01100691831437,0.5325080207409135
14334,554.8457811778852,0.04637475650508579
14336,766.7621019237512,0.06532730623071634
14338,420.4666300195202,0.4867042105645202
14339,219.17506987792308,0.7534209830049301
14340,104.8208784347743,0.4951633036012963
14341,411.38945835906276,0.24911283219439478
14342,213.67994675082716,0.42986395663658294
14344,490.9486594830125,0.09452697471436855
14351,100.8569969081905,0.8717391042368553
14352,724.2747677129829,0.1465282072266776
14353,157.74449424402738,0.2996189263217316
14364,5271.955545595695,0.0049320605576693155
14367,3195.3488992971375,0.006250789041766189
14375,140.64249138471646,0.9538614403296541
14377,420.31165539263867,0.10437376653531441
14383,103.74552747809334,0.52085032434804
14388,901.2988435232259,0.11605580907938895
14389,257.82355411780725,0.34234877812215625
14390,513.1251354325568,0.17198209134672227
14393,75.66645200406143,0.8997946483012165
14395,971.9568902511826,0.023100864399464228
14397,126.93819019571207,0.1759050293492059
14401,353.2905637872784,0.12900580629921732
14403,702.2738440090313,0.6437135190942658
14404,680.3185320282714,0.0905075903477921
14407,589.6975265318125,0.33557899061984153
14408,838.8958395722972,0.13082647654982857
14410,286.2927467576165,0.21840088967494015
14415,1058.4720045816784,0.028942642262173118
14419,391.0604226927182,0.1978428519924433
14421,231.2000906136215,0.5864440414546922
14422,440.2409446299023,0.29935100613133997
14423,127.7910530183323,0.24321339860929486
14426,758.495337351519,0.2259816134597891
14428,432.3831978372087,0.4845809241834366
14442,716.242015165298,0.24213429440433035
14446,92.72995921975958,0.7872118805145577
14447,293.7824601139916,0.19014402423163723
14449,305.54783304203085,0.2747957856455803
14450,391.7842507715497,0.03451169677745146
14451,122.33906506359322,0.5827472347767595
14453,50.3571843150015,0.9116752730759637
14460,296.17629689831557,0.6021846381151228
14461,741.8894980883096,0.4030090560895275
14462,492.8968937508831,0.027866836236435
14463,154.47335596527458,0.33080728428546124
14465,349.84279066386716,0.27642203559143813
14466,590.2950506659182,0.04460176164127124
14472,418.3031649725011,0.21694939168134347
14475,484.2737481205469,0.056080793911678035
14477,240.92012541571853,0.1004536253940423
14481,420.7155738738959,0.171139206167917
14482,123.71645787876491,0.4488980758270676
14489,527.8001592501057,0.6061681578921471
14491,525.1122730915964,0.1403881630655031
14498,324.5324331423397,0.6767659298621307
14500,99.7690343598592,0.48931379458827695
14501,427.1972969185453,0.20143538950169212
14502,344.2197661841861,0.36417167386296934
14503,382.4172401950338,0.425198095632055
14504,283.0867879388604,0.32251841213138815
14505,829.9546804795153,0.08967822611573589
14507,166.32604068875372,0.4836836990988345
14512,138.38780752722343,0.12045561110806868
14513,572.5599935120064,0.04978111918897186
14514,390.63037110756306,0.3426115601110661
14515,625.7059048277447,0.5778110131296003
14522,183.56276916324822,0.4073154674815318
14524,509.6410125292652,0.011581315131419464
14525,840.922829186709,0.06475003027497549
14527,1156.1647055302578,0.0014295681555731
14530,486.31152166973067,0.05296093062360315
14532,341.0055586514488,0.3001346572911508
14534,934.2788982586766,0.001963774656950083
14535,310.57034000455565,0.5171501929375749
14541,683.1436723832,0.016059844413981214
14542,20.66769506652524,0.9382243926335017
14543,1040.358727952589,0.01157845221388556
14546,703.2859368135593,0.08093938005886783
14551,66.4016527149742,0.4599575246902938
14553,391.45358403243415,0.3942260976783419
14560,356.71722848003475,0.24029186993726628
14561,122.78122210598055,0.8418176929019352
14562,649.4197328286366,0.05835883574932557
14565,832.4931741730979,0.17338839375463652
14573,929.6932828903687,0.003645320177522047
14577,195.84079238348966,0.08062852751808258
14583,379.1804801755701,0.13537145311492998
14584,134.10890855393865,0.08183297616586568
14587,790.5679404135401,0.014729698353051294
14591,110.19647667154314,0.7177528768848213
14593,286.87672386529186,0.04947610917097407
14597,69.01073807721008,0.6870467147965166
14606,3508.346212559506,0.0011411677648619858
14616,363.4790698633791,0.31753180341302784
14619,190.09697860141165,0.3104169966941968
14620,405.64820603952865,0.13158262474641444
14621,377.90668779099025,0.0638941189395833
14622,241.8599031175466,0.5930555538104542
14623,233.84968035393192,0.1985349366711406
14625,400.3514998331819,0.059351313879495673
14626,2.1256477472492095,0.50246460441932
14628,140.50627623956774,0.673587591593363
14631,381.36862781647574,0.17866968749595552
14640,375.1212969341315,0.37823220083628983
14643,494.2017300437395,0.23009605818830714
14646,23981.819520719204,0.0012472850600079315
14647,120.3314396736512,0.38463168948354426
14649,287.42683668230814,0.6247731245422655
14651,128.52513373616472,0.8545433439517649
14655,374.7183688595591,0.7691955160516751
14656,476.70723283665103,0.10895371178089007
14659,517.1069735178081,0.021432777421230755
14662,404.11265130815997,0.18954225391918184
14667,1188.2531946061952,0.0041543343191085234
14669,405.0128942058274,0.2146010680646604
14672,499.6663938696163,0.127080197091749
14676,913.2172541228412,0.051797109021835944
14680,652.242064741897,0.041271387380186236
14681,163.67461518558562,0.70663207155458
14682,171.5867031274791,0.8924567320930156
14684,318.0866583646015,0.1369676519295564
14688,1482.3379962554222,0.004329526005506477
14689,79.13261497654845,0.7437075229972749
14691,228.89231042118018,0.546679895471804
14692,413.48203298103107,0.09546890803323498
14696,594.4867520754756,0.0417215840680503
14697,166.45496206187207,0.5090526007420297
14699,59.521228398750836,0.818286426199261
14700,1819.8914754060875,0.10597026114788766
14701,518.7498267828036,0.008741475592752764
14704,111.2732762414247,0.2926484388190977
14705,79.92236883219428,0.7415045571861232
14709,705.1853259984599,0.0356451313122315
14711,1130.4453978296788,0.05553169859554887
14713,648.4402931865262,0.05615356121752146
14719,353.34176538773517,0.16409008275505313
14730,437.0015986670364,0.007944027934888074
14731,154.47578742651515,0.1937095530949869
14732,620.6367340625377,0.033146365392764505
14733,689.7749613193149,0.04144625372732005
14735,1701.5445195552295,0.10363136541429227
14738,254.91620666698742,0.10033246430355607
14739,1101.4400438212494,0.05193792807473468
14740,900.093188190485,0.04979553711199999
14741,384.4255317559845,0.4120512605820693
14745,434.57790564048474,0.10927708222358293
14747,357.72094813184214,0.2361546988434926
14748,548.3490201106215,0.3227613536007349
14755,964.9214253652426,0.05639168930155043
14758,237.8607567412534,0.19632126593053145
14759,95.99653471994843,0.6883944332363925
14765,202.22190010716346,0.7975013269529155
14766,736.5988149189665,0.025072210221624744
14769,6164.094369234964,0.11492747896847468
14770,428.9760273194377,0.2318532686117961
14776,463.302704363346,0.037720457151146275
14794,425.9079693137194,0.2505596611805155
14795,45.14604597161374,0.8339021262211235
14796,1047.1258665404114,0.024030668931091754
14800,885.5156297369446,0.054165404449846716
14808,1152.7157241628095,0.08779309647787494
14810,386.0020735470659,0.04033456358450082
14816,122.79081859835384,0.4781908438829708
14817,512.847596046612,0.42535298469707705
14818,302.2450727806638,0.39759606985744106
14819,138.3996921385726,0.6803196435128704
14820,77.64603713127994,0.9643423555357865
14823,351.74152326890965,0.07315016691225021
14825,369.1825954250393,0.0066529210865466475
14828,845.2999772920766,0.28103558412444996
14829,318.66595907850035,0.5933718923554406
14834,75.23062977091315,0.7029095325228949
14837,592.5670330576604,0.12487353737436332
14841,460.72768524938937,0.3193815516319134
14842,719.3199431371356,0.20034034095787392
14844,1775.714122481488,0.06114460827389024
14849,1994.5209789118865,0.02180981244974209
14852,1099.857237924946,0.11362088237867443
14853,89.34736035652583,0.8088344426028513
14854,1232.9601174964148,0.00879836061729831
14859,156.3795439925011,0.5753147593257129
14867,451.8072996405688,0.1026079028421177
14868,267.17689179725346,0.41788154100209746
14871,329.3491416814817,0.18742302450822898
14873,214.21415823036904,0.672893872480558
14878,397.2239452156177,0.027474580380990696
14880,345.91725760568033,0.4927469610701994
14883,323.36296621154605,0.26000527428115267
14886,354.23224792501065,0.14384160503904694
14888,202.09375531576012,0.6069292704870631
14891,533.0775109120972,0.03289869849942628
14895,2119.0979399249077,0.012150073098757331
14896,436.05430462628385,0.1979267658666295
14898,547.87075283691,0.46194134569762113
14903,649.1403851236591,0.08334450568117599
14905,260.2572423485724,0.7421199282838531
14911,16525.276251217405,0.00253548313965275
14912,310.3595054482306,0.4657684689872287
14913,459.1071586961036,0.33592736156459757
14920,445.0583836908468,0.41053653458517003
14921,996.644883208104,0.20732342465263576
14924,72.80371619509712,0.7668287392002413
14931,119.00828630097027,0.6275624927244318
14936,225.23325008232007,0.1194044893538423
14944,817.3716692421746,0.03280872019225031
14948,111.94006094070696,0.8538195162571662
14952,1230.1566484208458,0.08261210674030063
14958,153.43403326458161,0.1768290212163971
14959,363.4077703696521,0.42907294342631974
14960,122.95065322726151,0.892489981355753
14961,0.0,0.30610831483021517
14963,90.58760305922816,0.8120351243476966
14964,180.56730718248505,0.5096334663904871
14970,446.5295502727041,0.20193750619500603
14973,131.58252516005606,0.29162118428030265
14976,387.54593657309,0.18645851699769544
14978,451.9416821102991,0.17283559530548667
14981,65.00342707516741,0.5658349706889858
14984,26.173788268664218,0.8642974413468495
14985,389.9456478701269,0.21902865497528057
14988,178.08789129562913,0.8004589459733202
14997,2.695124141456265,0.8593208789767177
14998,127.71569898419523,0.4528669932726724
15005,1766.5885935017127,0.01357548490021362
15014,24.46920685550415,0.9143180158432669
15016,67.17556846582627,0.6237725087312611
15018,379.00419921613604,0.43475642660887914
15021,665.0125252522511,0.015278185766457269
15023,615.866933074048,0.1498072053661454
15026,327.86117939558204,0.6503819013737093
15027,763.4593887882439,0.11293724146452967
15033,293.34561916965606,0.17289331983253486
15034,63.37984041968448,0.3935552980806991
15036,151.2068019739877,0.30243711358707653
15038,465.67864590529666,0.03199069328050732
15039,10045.445233095868,0.005723740732272966
15041,40.88168751472897,0.763975421928566
15042,92.28413660152549,0.581649388732727
15044,1231.8757213413664,0.0037245447617144756
15046,1706.0071446846675,0.006741249251017321
15048,326.9386824547733,0.16317776753441499
15058,779.4963013019958,0.005493629798024161
15059,423.33916073968385,0.021170109985035268
15061,3165.3637763664265,0.014634722102606837
15062,501.91970761953496,0.18348708593166982
15063,168.77682081841218,0.712906079568764
15065,157.51318566094344,0.3105350419442255
15069,694.1522204912014,0.4569797867727495
15073,756.3123643765128,0.4287307936138564
15076,592.3105857832322,0.3890962714048574
15078,2381.727840150841,0.04635321985789268
15079,408.5823754239982,0.30259613894137555
15081,414.8276883380812,0.1697012695742544
15092,351.6961615570992,0.5336726634839102
15093,914.758223856317,0.27236189618652046
15095,286.5188712724144,0.20151858526541458
15098,34.99259856757515,0.81239163160832
15104,497.04780592068175,0.17524429574739434
15106,596.4716202597998,0.06519393512426096
15108,311.12158435559553,0.4474016524349443
15109,209.41432762369496,0.24817207994557008
15114,981.511504173583,0.009635621497434941
15116,191.8755179090699,0.6973821760935173
15117,66.4016527149742,0.7324934382133388
15119,156.620452684961,0.6726738394208686
15122,667.1333675534024,0.1930684901025789
15123,103.85485157781656,0.6056411916141322
15124,85.5136685585505,0.8048245121273918
15125,689.8642423256404,0.006662144250082104
15128,775.3866285913599,0.1375867827857099
15129,715.5940229957191,0.022863349268413886
15130,245.32976748009136,0.7043502063221397
15132,174.04169909366328,0.22433565826330826
15134,215.24399843732166,0.04841604682612278
15135,168.66310630945455,0.3910620665952579
15139,478.24311971504864,0.12527007579820928
15140,1307.4192854004937,0.09308055257340908
15143,180.40116680734067,0.5245185423639436
15144,596.531842795907,0.4942670205085246
15145,399.2082179188584,0.3716723520579801
15146,250.94813363703653,0.530178496426439
15147,311.3845652882998,0.5430816391613659
15150,855.5541351663454,0.44449804928337766
15152,584.0405455381638,0.15175067662509353
15159,2278.1396559029918,0.005265874616352888
15163,84.14080434135113,0.9690321895441094
15164,379.3617493617965,0.13367828384989655
15172,704.2192601057401,0.10077166800056067
15179,371.3355317434497,0.3609095928751584
15181,130.84405331163515,0.7502034621782262
15184,101.87049788583073,0.7656622074307857
15186,212.8552638248869,0.3575764097977589
15187,310.61751993371087,0.5895420232715795
15189,2697.271501493035,0.0019268142780774135
15192,629.5205940561057,0.07980120666770259
15194,1270.7661024829783,0.017690752543752176
15197,456.8512512217851,0.16674900983560065
15199,414.51377937633015,0.21718786484754563
15201,591.8576634775794,0.16391896219316318
15203,683.8799811024942,0.1653654930559332
15208,333.3544652031012,0.1614877580739043
15210,348.14600983028566,0.5223701240150638
15212,193.1386585788597,0.5228731186484555
15214,1040.6063649895236,0.0869295215416788
15218,989.0872047323878,0.033679055753553545
15219,223.2086976367989,0.6701077648383543
15220,946.6926249873752,0.04346499189562837
15223,262.2810338420468,0.6058399502377126
15225,227.43533702221512,0.3603150951133051
15227,379.8550327503601,0.3891126377408376
15228,543.707434863556,0.09767943125563266
15230,243.23585692959526,0.43085679548928424
15235,509.94009989786633,0.25591521747719326
15237,148.44305016720705,0.1555628417655192
15238,186.4614511674301,0.9208095053161627
15240,726.5451761996685,0.04856968183722689
15241,972.8355627855718,0.024055678375756482
15244,219.45351139005217,0.5181320806784797
15245,438.2150317883763,0.08343726475802063
15246,397.6104711100738,0.1890180884219824
15249,810.3145466829425,0.03419993791006116
15251,512.6910300482353,0.36162900766174766
15252,226.0969264412323,0.6613261843001664
15253,158.41758792448283,0.4492611927340435
15258,194.38492941289437,0.674440989444889
15260,1189.0066956159374,0.022430073238104545
15265,353.309475924948,0.4332850372591723
15267,928.6152614891121,0.421587755877663
15270,447.3584488778161,0.17044436704191973
15271,474.4600957088686,0.011477376997683492
15280,33.46660596812872,0.86450866883607
15281,696.5312000787244,0.0592217651971595
15288,500.7187971788163,0.08533481899813014
15289,397.0983282749512,0.4687636493963217
15290,793.7933036154733,0.07931707822472518
15291,1297.384301716607,0.009147803042689953
15292,94.52848908411472,0.6447058928755462
15296,1304.0873417363214,0.026195262785841493
15298,558.525453769087,0.16968655266908175
15301,561.2024537527557,0.011733457376434017
15304,373.24692471320134,0.08409521900558023
15311,15710.925177377583,0.0018502056568409412
15312,460.6346194978868,0.11831932048369914
15314,315.5029354587623,0.5255285925980637
15329,128.59455451724352,0.9138391381258529
15333,180.81710493223915,0.6863971471616581
15334,7.223751466235302,0.246207401971524
15349,235.80488560152193,0.613674680544369
15356,1131.4326017529252,0.05791686324190771
15358,1397.2924289166042,0.006657210685611498
15367,637.0125621472175,0.22027639363243348
15370,433.83588023519934,0.06394830925457713
15373,372.23589033366403,0.02233436101020822
15376,222.0312948537327,0.5901752172127155
15379,278.3802940691317,0.05741111516090202
15381,233.8810306156469,0.7012942222403781
15382,1033.5142058794368,0.04308428667846178
15384,643.6576504355015,0.19329402774424947
15386,227.86599213440795,0.17947729543791244
15389,413.70741285316564,0.7113009491282937
15394,873.0751573747002,0.12186758550694556
15400,82.52640028020835,0.8481143635351418
15402,603.417162059542,0.14958813120446943
15405,334.5481716383992,0.5877710489972456
15407,493.8796471654116,0.01145409804068787
15410,1048.611038896009,0.04258892415448294
15411,42.327601230344634,0.938769915570563
15412,84.7552435534555,0.9235706170267817
15414,156.23659887507762,0.7764720271559222
15416,288.3702124860584,0.5262243088739673
15421,321.8850302148192,0.200192921255029
15433,137.41505977286047,0.25568046178314646
15434,201.62126029965395,0.48597314316834733
15436,160.6429680282689,0.8112148238637752
15440,79.5922310411405,0.7718075548198859
15442,157.44247575036405,0.38097136178908225
15449,340.7241036694259,0.35251589327278926
15453,313.2832765732537,0.0729159384394277
15462,43.3259099960565,0.8711991616273792
15465,2026.6179074030426,0.0336090464852246
15482,1146.896587675758,0.1687946798937391
15489,293.4969234588665,0.43925371930352036
15491,1676.104981139713,0.07424697451139128
15493,467.21429133411687,0.1218147141034645
15498,2073.0550794102787,0.003577756299725731
15507,272.5820744215297,0.5389401937519633
15508,837.6297736609009,0.04034297222204367
15513,2814.976540997254,0.03227257412394317
15514,387.88943414097025,0.1594087403690468
15517,57.450731909468196,0.6091674769123534
15518,376.7801711005921,0.1244137424382863
15521,529.8338897510299,0.3183117329584259
15527,397.6465811508189,0.051885428653836344
15529,330.94818392938936,0.24417318300318866
15530,327.5848130371388,0.1851340559770038
15532,382.0663142738437,0.6238922108347852
15535,410.1433967147293,0.04719165862332897
15537,130.46445150036863,0.37070653555977934
15544,1048.5696134120617,0.04546551855541153
15547,850.8647546093096,0.06197899736884885
15550,279.66517129008633,0.5701541161739796
15552,135.0500488868964,0.3659130301261086
15555,0.0,0.03623996380101415
15561,93.56003676522303,0.7031633708869517
15563,652.2993067134918,0.19443000640447858
15570,510.2831643191067,0.1961577298671132
15572,370.40690351388014,0.3057122402016279
15574,424.6693148273623,0.48813903909590717
15581,284.4167789965595,0.0889961388731901
15582,313.1628089019466,0.31683359634524355
15585,348.6895253990622,0.36763251834214916
15594,140.15473296288945,0.6958839915544593
15596,417.61947415336056,0.1629843769932814
15599,626.8103454828006,0.2963756744136538
15601,954.3496167435613,0.03474690060584224
15602,487.02391534026407,0.16432647997387992
15605,453.91900529013935,0.14998495510102855
15606,667.5842392712402,0.047281395558201676
15609,138.9220747426487,0.8587441686054708
15611,0.0,0.03667291211580992
15615,1884.320951481899,0.011713832718704104
15620,393.121699885231,0.20444003702565158
15622,1373.751471396101,0.04346932025521347
15624,105.3469277942562,0.16986962655857082
15625,801.9146474211174,0.14434629653627598
15628,465.2665469035569,0.05150245974167126
15630,469.94227480912286,0.48114787413411475
15632,1070.155195859947,0.00826985590425111
15640,2670.337265724294,0.10217717933100699
15643,248.95365561985693,0.04496245461318523
15644,256.64832927906247,0.2278836600868448
15646,337.2306605993023,0.3122754379279041
15648,278.1045577594648,0.10351358417080168
15655,78.26288694281507,0.6516321491199096
15656,452.59451564826884,0.03343444600272346
15658,379.4447304599048,0.045348196884826726
15660,426.4664357925801,0.17607732448887078
15665,1174.3416648980221,0.30206415466667047
15668,95.03461577152683,0.7789169722231478
15669,146.6379985495135,0.5319924434606647
15671,279.4519591276167,0.3115733968398083
15673,575.8095528478476,0.16804653048260523
15674,308.27382389559097,0.23305501887643112
15679,16.132145878837875,0.7030520503636193
15681,337.99111903428405,0.01953744057392161
15687,412.21383951471,0.2005524045203682
15691,91.06940124229824,0.6571583719976095
15694,1639.9136555512332,0.006344902942670569
15696,447.85014670202673,0.14994557701722575
15700,702.3048773836239,0.3477240731869281
15704,1000.0265165503542,0.04089793007657127
15705,104.8208784347743,0.5877581849836218
15708,483.2547442986928,0.12490292348134281
15712,313.2933723447878,0.4309176703285527
15716,419.8196822626414,0.2539452940821504
15717,58.18318822772289,0.9111088633969088
15719,449.8285060570837,0.023091625775572413
15722,405.3513043978297,0.15885801884158643
15724,544.7454172118098,0.042296000276975096
15727,572.3731931434686,0.09698090285817765
15729,114.27436993485543,0.5770322242998364
15730,544.2379395244669,0.35701425696665273
15732,404.8466394730457,0.23006745942807233
15734,36.3255728815339,0.8021823116561548
15737,470.8965472090039,0.06470877448729337
15738,1316.4085666834771,0.015145816424596567
15743,300.0881579026655,0.36861094270293543
15745,180.15838855480627,0.5425367227486325
15747,90.98801844616041,0.8961945226842966
15750,280.76919813614774,0.2923329927219101
15752,553.1665894225047,0.14440555903003732
15754,206.37993913900308,0.4606100411790455
15755,425.9689196382643,0.16201773080378262
15756,263.28974147284623,0.2344277829975215
15757,160.77268713502687,0.4847447866938818
15759,372.37980677234424,0.6626152628555162
15764,398.84216623103555,0.07314929310922635
15768,158.11859102404034,0.2612813558454234
15769,10004.479666679716,0.2602130379367892
15775,89.73457750610454,0.7989481236433286
15777,418.2733224158845,0.1787209699567326
15780,359.9194867516429,0.02750731808970924
15785,380.67938069492914,0.11015932227118695
15791,1025.3602526033173,0.3664874595757999
15796,1041.5449484788762,0.027334547381317447
15797,371.99958597171417,0.36924905100930716
15799,373.2691032420475,0.5604172479506176
15800,122.26782336679477,0.4417005234850903
15804,915.8148492819257,0.17642719777400476
15805,1425.4721771451586,0.014022588293212176
15809,352.9801467012104,0.10835016729086702
15810,408.59372899807005,0.09703673894644999
15811,486.79425010268045,0.09720934619149112
15812,420.59395538643696,0.06374511015093123
15813,529.2519239943701,0.2935460764664016
15815,841.7252413745772,0.09724890704218461
15819,792.3874842819611,0.3104384450380108
15825,101.63789274451844,0.7329195593973719
15826,189.69723171165663,0.4753890357161622
15827,690.4536804158811,0.07265419510052441
15834,479.3268974161603,0.5240308943425301
15838,6917.180611567524,0.0064012499227317846
15840,82.0263962922389,0.7163709779593279
15841,407.6735917169784,0.2968723885897567
15845,655.2707093483657,0.029239430541549663
15850,0.0,0.8165744196389828
15852,185.71397896609503,0.5809412880364825
15854,769.653616019324,0.03308196693584964
15855,707.6765603595506,0.01686637034132247
15856,1898.2388381529486,0.1020375798958613
15860,377.81709970959645,0.21207925950612883
15862,445.5377400665768,0.1888628092895594
15863,62.92418822805345,0.6983229730972997
15864,251.31775218498902,0.6695865903223157
15865,258.63274446369616,0.41856893606302636
15867,1180.4515152609767,0.011612442450574738
15874,948.2989433868329,0.025959830109419955
15882,380.962721201608,0.15856902624610517
15891,278.94404773314204,0.6284064658843971
15897,314.85467258511653,0.6868069425270337
15898,397.8035608929165,0.09487100203792503
15903,690.1503740094902,0.24799619922564847
15906,218.92327246639596,0.32028546109581457
15907,454.16982668523036,0.3614080786617748
15909,134.2113457937783,0.7290546687922179
15910,363.59198463075387,0.15531703927918067
15912,190.65697579123432,0.06865321251488075
15916,368.8496957253263,0.06313728829292253
15917,216.81544459297172,0.3672150872851012
15918,191.874753545839,0.45353759635342783
15921,166.7205434003346,0.69690401558243
15925,104.50979050916412,0.4795723193319912
15932,1192.1032698480287,0.012840159543546491
15935,93.24127276618198,0.5874697447108311
15938,501.0740703151875,0.1216433540122402
15939,1821.800980235085,0.1033573407943334
15952,151.25597463317345,0.6385916816297726
15953,462.32330522587404,0.26364499151036924
15955,1170.8613409404231,0.07650946675035257
15969,196.3434281258065,0.648569791800819
15971,389.4829178510719,0.5600738855314472
15974,600.8797382029318,0.04592607010291123
15976,236.7056270932062,0.29839518615685834
15981,1620.9780504160437,0.08570660236550567
15984,353.20589858788736,0.3276787023860864
15985,116.6151722645596,0.12184125538517963
15987,483.22141993400703,0.07166474885420301
15996,393.8497307678716,0.2722698243715165
15998,345.2231502426765,0.2854798784608826
16003,749.1575580299767,0.3691839901793881
16005,158.8232096488194,0.657472346132879
16006,62.63020260626565,0.8026188726020607
16007,431.03130967432463,0.0950363084306291
16008,97.99700000257187,0.710063153196239
16010,405.8869655474563,0.16708110260036482
16011,399.0691651785582,0.038457599698261284
16013,2559.3222545712892,0.013137283126599435
16016,220.18627066590855,0.08262247646875699
16018,60.120693493773906,0.5487795592284012
16019,392.23040726945675,0.30670932283748537
16023,406.6260155437041,0.1431389741204043
16027,817.0228917547176,0.019915553971118764
16029,13196.679208869855,0.0059740068535751815
16031,273.89307799592297,0.44507357315984214
16033,1829.0778294693482,0.014294070294797765
16034,417.12723246671527,0.04106147990808285
16038,352.4948443728133,0.38799493768083027
16043,434.0639017783756,0.07817456761358534
16045,324.6962723098662,0.4298621159823996
16050,81.47163700218958,0.8828546134508408
16055,41.31995606640937,0.9610798056893767
16057,425.17495844535483,0.1574066486636288
16059,254.7872600714553,0.15585935328563683
16062,320.591287301447,0.5941599221299178
16076,191.08598396855092,0.41092009628616505
16081,402.6329483525608,0.1541779364696159
16085,330.4830642359415,0.331613489022981
16086,488.1680515149652,0.11776612882959829
16091,105.87517008329553,0.8320319601075612
16092,407.12430508750435,0.28495715719628373
16094,160.77268713502687,0.5537139154377823
16097,100.98623948075623,0.7728507109459175
16098,455.28298395418335,0.02051578805654858
16099,234.6972447522771,0.40770264973305465
16103,656.3649394085846,0.32704291443177164
16105,255.7316804342582,0.562744010536875
16107,477.20401458409066,0.22752149859059614
16109,440.84084261474175,0.4477750881697835
16113,80.86393920949416,0.5676948005979432
16114,68.5654920081009,0.9288486535192141
16115,512.0163321573009,0.009530320889936373
16116,208.3583323176621,0.7120054459550559
16117,151.1503925794418,0.7971858729274394
16121,102.41491803170516,0.6702804101248806
16126,1136.819350265477,0.27728256159922066
16131,1356.550404370016,0.25085908664711143
16133,8035.174117474565,0.2791832387560843
16139,93.604373096654,0.8055757798599555
16142,461.28634063214344,0.34602628457503504
16143,445.64521427384807,0.13357103565808265
16144,137.61806176281542,0.8603894854251668
16145,666.8326975967757,0.019935107921745066
16146,668.0247289658404,0.1964713944443268
16153,634.4424184762984,0.030171324557520664
16156,447.57049066169435,0.15861622692850194
16161,620.7920730711187,0.011070247610133015
16162,200.00550957085116,0.6689927816549882
16163,313.3444915752732,0.37341978629974887
16168,1474.020808520042,0.03362314122941163
16170,1357.7083593379898,0.029034996834167267
16172,769.5165733529292,0.11548540678782
16175,136.87265872573846,0.12255822570838303
16180,3062.349362825142,0.15746617622036585
16182,1563.022351304415,0.19003685364766168
16184,266.4015649294832,0.5581963109108816
16185,173.80873760875824,0.6689877141197048
16186,1199.4598439876986,0.03183810264817873
16187,2805.024043439406,0.07972778701819312
16188,155.86388184377168,0.46483152363979635
16193,263.3230335562109,0.31665428726860945
16200,432.99641647826644,0.8385036774060771
16203,341.1859136773135,0.5326056493286981
16205,60.756578210392476,0.21656092967826848
16206,395.46121944496736,0.13832891140006323
16209,3836.704506752977,0.0868210269672859
16210,2400.2562267440426,0.32633174664457415
16214,289.7327380186062,0.31675347794913167
16217,394.7813430449669,0.14261851273241585
16218,812.011054381876,0.31294078593589103
16224,369.5672346181807,0.19558713344628054
16225,148.61619184189155,0.6424998413463088
16226,62.69747525865401,0.22222224383360195
16227,245.01333108906292,0.29058385411484317
16229,159.9087492303198,0.5609888181879027
16230,498.93805855388933,0.33394177637790295
16232,293.13743218037365,0.35540784547012355
16235,486.43026924590475,0.048667199000241294
16239,215.50028073371953,0.4930469888389383
16241,517.8861910301573,0.026293930545332998
16242,493.14850641164946,0.13609912995686557
16244,642.7283346275304,0.1341797563327388
16247,0.0,0.836758366218593
16249,434.7539532613157,0.18575063117473017
16255,296.20392996808573,0.31784033948509144
16257,143.10185981624767,0.8612328116439122
16258,1395.9551970866546,0.14395935677716085
16261,172.998819235882,0.31072169231072255
16266,278.04658751229385,0.43967989879874625
16275,262.7280167636718,0.6032362021896135
16276,840.8546762106544,0.41102941580109603
16279,256.1817980784872,0.4088001339141276
16283,133.04898319322555,0.5778735108103704
16287,233.1551969599735,0.721254156795549
16293,380.8261656861797,0.10402259192507425
16298,39.36104409654947,0.9459089973985265
16306,351.9743855375378,0.4032307400165104
16309,125.00695716684724,0.7443185052879825
16316,573.2665711893446,0.16191414007206248
16319,81.48299492867967,0.7183034872373206
16320,584.7771345462172,0.18270172765228568
16323,81.27374041990743,0.7816532671866327
16324,136.11668580285757,0.6855666911188998
16325,107.34743205720433,0.8185626034093686
16326,409.82573186134454,0.018753964233874373
16327,400.1344127610332,0.4846507821750847
16333,1029.0019431551937,0.006350505992033431
16341,463.6302108877683,0.4852520475327798
16342,59.603157529297114,0.9445616503268943
16348,348.61003061703207,0.20448129870100784
16353,542.0166875702026,0.11315353528277554
16356,320.1117815901737,0.08932481817901661
16357,41.31995606640937,0.9149768086449308
16358,631.110085359546,0.18486432494084065
16359,580.8097189669522,0.018429024311461505
16369,167.26229952713697,0.5624317123521372
16370,309.29475018932214,0.1994390329356556
16378,444.4864558616143,0.27969226163668576
16389,715.0547488613263,0.22497269090408684
16393,635.136300530021,0.028814969367434592
16394,619.870294657061,0.12713173248853477
16395,512.4658153100077,0.5303965355849536
16399,99.92545915885977,0.6600176229078288
16401,616.0344205531495,0.18036204437587045
16407,428.792227212519,0.03591815542459341
16409,193.34599830105128,0.7221315249662387
16418,77.7724053002884,0.6899170979770677
16419,1147.8418143916283,0.02298116665132015
16422,13196.679208869855,0.003380068754213885
16424,72.23416517147066,0.943624650851962
16431,534.1834685667056,0.17614803349447614
16434,451.98381615595264,0.29691926716942413
16440,138.7643403755697,0.5474016355536717
16442,289.8041311124363,0.20624931871971697
16444,98.42927287662555,0.10071039150842044
16446,128.49444458168782,0.33473193378431115
16448,80.98576865133775,0.6879503240265974
16449,305.627585553818,0.21661499464832026
16455,396.11179935792893,0.2643458254490632
16456,388.572255381191,0.29346867311568997
16457,127.297311570102,0.6948681068001008
16458,351.6307064262229,0.0577650560504015
16461,95.32294039507269,0.9177890761588494
16462,292.7705355712966,0.6831860156557461
16463,226.33334141469817,0.27056300585715043
16466,480.83863085579407,0.030466893708149187
16469,148.65081621406352,0.26788232693549413
16470,367.79328922426157,0.4483245211254937
16473,533.2333110565518,0.22375516653308175
16477,492.2779050048613,0.22416302228081578
16483,102.14406919515407,0.7453715031301985
16484,53.60669649429321,0.47672625838129234
16493,457.5420775579293,0.1380092174576802
16496,877.4540473860004,0.15341701449234577
16497,797.9477879245765,0.03857451920323153
16503,394.73200493327874,0.2047106377950929
16515,405.52017764017876,0.20393174007388568
16520,768.8700832816717,0.023894850504884307
16523,1780.3143526142921,0.060398313167527376
16525,3604.137988212775,0.00226448681857469
16526,56.52316732471407,0.9533685850063965
16529,390.2163094065657,0.1677028876060326
16539,397.53335622274926,0.3078279301976415
16545,15.508183410768996,0.867790777875322
16550,946.7969559278189,0.046396601353168934
16552,368.66522318873166,0.36764370205827895
16553,4511.821529178009,0.0012450544983500717
16554,398.7388823381441,0.19991330539241786
16556,514.0186198113795,0.058997069808385184
16558,1188.309022672429,0.009541125227791745
16566,413.24195993663824,0.03517274274083582
16567,551.5437516414479,0.25613378723234426
16570,891.1097883397971,0.04641259778538493
16571,353.0594097022123,0.11811241130485349
16581,35.63334195456774,0.8878415012652786
16586,311.8383120100112,0.37400239006315145
16587,69.7062308629342,0.9001688250097754
16592,1811.1627808326962,0.01082806387874297
16593,352.4651281123208,0.20889729039071173
16607,510.3321080550067,0.18908361226385745
16609,817.8715193288567,0.027526641655683155
16610,143.11758192466743,0.5051838155515558
16611,47.37490332198485,0.9800109303271745
16612,353.3173991521879,0.13930805479049085
16614,571.5898586557221,0.10825666903574353
16617,83.8410196469837,0.8597167001199124
16618,422.23192047691043,0.2213233529432109
16621,237.11919528772538,0.37454391074672816
16623,162.1925456310637,0.5546699428849954
16624,372.62104964778547,0.5897489804124567
16626,251.08273686822898,0.33800970395356245
16628,232.1066376599428,0.35739732599468743
16633,155.3464896679567,0.3716649545794968
16634,387.5327969109439,0.6135613901219331
16637,214.02285742091166,0.3426908076404715
16639,172.58432622947578,0.27697622588752074
16642,208.80694640236402,0.5012040394483136
16643,371.21917299351077,0.2205077112319047
16644,717.191367562679,0.26246369795187796
16647,123.21234861683972,0.23320224431713324
16652,1160.9954537749434,0.27006632755213433
16654,370.18775735763097,0.03603579142314107
16655,405.6448497521419,0.03733047432444462
16656,1710.2951281793278,0.1353395755350688
16659,0.0,0.7043985784848726
16660,311.83915649327525,0.34160301023241935
16668,411.7711268903846,0.055738277570322584
16670,511.5742722328782,0.06485394389775974
16671,197.88656915216313,0.880456329846946
16672,3813.155006256872,0.003645293218654562
16676,571.6101772306429,0.22691741968744158
16678,839.6790173805197,0.06871584143990891
16681,533.9247813243181,0.19802180503153655
16682,226.64109939270307,0.497578237329302
16684,8012.968823979365,0.07574991719847908
16686,302.42161345715806,0.1364159000411412
16690,164.29257377814332,0.2784331603358411
16696,104.108200712034,0.16927878821100237
16697,197.13201245501003,0.40037135470702645
16698,687.513630575529,0.4300350544399019
16700,1215.36934047237,0.03441116649421405
16701,910.2693767300267,0.07158587474046985
16705,1765.3434981630778,0.18382047650251215
16709,1490.03105711705,0.1725006334273746
16710,596.3312589513428,0.12720578504975955
16712,1177.0556699218644,0.022866739364858092
16713,0.0,0.008719052448448965
16714,387.5327969109439,0.22591617158986332
16717,386.33326528948004,0.14437919968568286
16719,373.6196624888842,0.267547750730745
16722,1512.5114258256374,0.04540326825798013
16726,353.7951914368522,0.28403987203150194
16728,282.90811204613397,0.0855606448533515
16729,803.2906468698161,0.008124478041445261
16730,330.0857091498269,0.2678587271468397
16735,604.6182191160997,0.30594295313328584
16739,363.2687328164291,0.3988270396314378
16743,474.08694987390163,0.2255733254069093
16744,138.58689549171794,0.6710348839909762
16745,1700.0974128031564,0.010403874671336253
16746,1036.2495413270995,0.01764691208438567
16748,453.5213284470111,0.17794028177042426
16750,54.836914655583314,0.9578562438368211
16755,49.15276532816553,0.6600376548417978
16756,126.2356159069085,0.5751864222961138
16763,533.4789651067109,0.5652789261830802
16767,605.1271176447574,0.015453246188153717
16770,352.69542453696323,0.1933889502185101
16774,34.165449249111994,0.9070249607612423
16775,235.55518315669053,0.05827136735494457
16779,2987.4458664254444,0.002564944481890146
16782,393.9984975080116,0.08715530156553188
16791,407.16591882662635,0.12844688592977443
16794,139.98552091196584,0.15134682540294242
16801,413.89790651294936,0.07913506851228358
16805,323.24791824600385,0.17728539097694404
16806,149.55506541061612,0.19448612350994338
16807,323.03311335217944,0.33993939520179967
16809,103.30506089300552,0.41630602058606336
16810,264.56101264795484,0.6659008232045353
16813,463.8321942497156,0.11649102359324733
16814,1298.5321105573669,0.004166897559942084
16817,939.7073337621486,0.012029050449191813
16818,1564.0977739794778,0.02171052408421632
16823,190.70827092812317,0.5103609564036916
16824,106.85399468765773,0.8325883853972104
16825,222.34721340656438,0.4247102369647387
16832,384.77162276944176,0.5228527290247577
16834,447.30823462103876,0.41712359788641346
16837,985.7865117007449,0.04349650331272196
16838,344.9333181605159,0.20797640170666098
16839,2435.710446271832,0.005043312977785347
16841,654.7637269684905,0.038063410487613886
16843,922.9635420110629,0.00854148724550649
16849,36.142747887679434,0.980114098757551
16852,85.24315702408518,0.9333630072870831
16869,222.8658464051631,0.13002356602821286
16871,406.8237605327998,0.3603142739139934
16872,186.1277494949283,0.5743429897299601
16873,770.2371958651046,0.03178561668965089
16877,86.38112998681976,0.9281232207797017
16880,177.6304352808371,0.2350080323294962
16882,355.3213110460283,0.49719830672581095
16883,333.1728243514891,0.6643350225414618
16889,426.5300127867836,0.12221855819672793
16892,46.97190966901585,0.6211500014857736
16898,417.687958634848,0.30929133530261027
16899,395.64382395809025,0.10961806523163695
16904,546.8909673111727,0.01964878044154874
16905,354.776888038971,0.2400893978103275
16906,283.82979495766534,0.0524746129232467
16907,390.5669925309105,0.197538574611017
16912,422.6464631563843,0.09985043862444336
16915,489.0789707445169,0.139283382489371
16919,1376.5579730597483,0.005389103788691165
16923,942.2389047805551,0.002152942628824461
16928,0.0,0.05051178669506715
16931,1078.7951365942865,0.04033431559495726
16933,138.7272099599849,0.3981049595464992
16938,1235.9621674257455,0.011770799478130006
16940,1054.383332457125,0.24460506104916813
16942,769.5086672340275,0.03259739489149457
16943,433.34128245554007,0.5181103568583882
16945,883.5070206014507,0.057554789925886786
16947,364.86024152343686,0.46198097459406817
16949,338.90376669361234,0.22906754762015802
16955,302.27794558221467,0.529012340927794
16957,244.6826925262961,0.4221969751644643
16960,234.38573431554738,0.1842640312599919
16963,33.2416172084921,0.9367016999028461
16965,100.4861195700611,0.6269431196227052
16966,1570.9311612195215,0.05278547317484021
16967,299.6620858033991,0.23760101675513742
16969,579.4449270986124,0.10051416942704275
16983,457.5704131978727,0.11990370936237965
16985,734.8580569163122,0.2412787827404844
16987,37.00032655125379,0.861391330967234
16990,94.30634824081241,0.5967519263109005
16992,432.64831811610816,0.1910752891472536
16996,557.4842258379426,0.14451918173183087
16998,357.87742056286305,0.2984692178775701
17001,901.5407173889427,0.07503769910589984
17002,596.1419208192422,0.08101689244005449
17007,430.9833414434668,0.039420343008052174
17015,494.3764711515538,0.04611229044810552
17017,1317.459461777578,0.07633939128495815
17026,231.01577657044902,0.8368556347409245
17027,497.14599425271837,0.03604703020801831
17029,238.61252489432025,0.540647916893932
17033,513.7592404869854,0.19376705995536803
17035,361.1719076090127,0.3731072336985404
17042,704.1589346471457,0.14426388516699643
17043,33.56247447512684,0.8088703693452657
17045,256.9680749880727,0.41529103504242587
17047,484.52636592925023,0.1719613339065626
17049,674.7027246452257,0.11017441586962358
17050,552.3483411823296,0.04046231307060353
17051,96.38813147538411,0.8161855432484727
17054,725.8133300573342,0.3708177777156258
17058,675.1114422153481,0.0640515328102019
17059,389.03834029444863,0.18019968019377675
17061,455.0643956443179,0.011359731819010127
17063,846.5058456844895,0.013560412682694563
17064,474.54628823352766,0.06037029393721227
17068,1729.610906602048,0.05709702362068843
17069,381.40698233204927,0.24406286745394626
17071,507.8000234383069,0.031417893465490065
17085,445.79191770833324,0.15136718491390663
17088,216.8275683957331,0.20856826685488067
17090,417.93805817309897,0.2965252459232479
17091,944.8406377093924,0.02607066072276402
17101,99.57718231719237,0.5681857194425798
17107,1847.032017399042,0.1983280693914614
17109,191.53054930495406,0.23152670676312623
17110,122.4483036502047,0.5895763212637231
17114,443.8526746132155,0.10002236627644241
17115,300.9292450027601,0.25641219168437507
17120,193.62280825631458,0.5024984255505772
17124,171.65441140937153,0.8684926127147837
17133,1016.9139411512143,0.05751561752098286
17139,1373.5653500448198,0.011530817259438634
17140,550.2120052982873,0.521233012520472
17142,148.11718845734953,0.7494239583690233
17147,470.0207866613904,0.29941888196259486
17152,1271.2118136438623,0.042665535837976144
17155,80.26117484528984,0.9037054799754609
17157,75.51567912260205,0.7684549036071495
17158,347.324138541614,0.34427071607059984
17159,285.7026986345224,0.4215473674349298
17160,1247.2291713453096,0.5017848507695689
17162,500.941383628405,0.041249845645774996
17164,377.71038060179296,0.14687377311351507
17166,73.22553114717664,0.3441572651006884
17169,208.38181098865604,0.4109814228087612
17174,136.85602952997093,0.437764249209309
17175,415.7699658705815,0.23286054460026295
17176,194.39437774859783,0.6072299199796424
17179,666.118482439422,0.008301025681599352
17180,361.53349372999975,0.1800795995477959
17187,136.117700053717,0.7784009902595435
17188,806.9185640043581,0.06026913495910469
17191,522.0445679311368,0.04702856880108241
17193,351.2466843633777,0.7259398057275405
17204,372.360478117593,0.19265926079606
17211,468.0508060772856,0.01043168499860377
17214,418.8816746028945,0.11673966612265604
17217,125.43654310144595,0.5975449371109994
17218,340.58408071126064,0.2589581098452119
17220,386.7465232847142,0.18824758331237673
17227,418.41312096302727,0.2070928821069442
17228,407.202951142113,0.2348655689399178
17231,691.8203896825125,0.060993703594949836
17234,47.474797715826746,0.8078040512980484
17236,397.432402841306,0.026551945122489196
17238,678.84420831192,0.0066859269463991145
17242,456.5679335479283,0.1959583245701721
17243,1120.5508389749339,0.02255494951322137
17245,70.91868421289837,0.7768594749460197
17252,260.44725957526623,0.7793071411653446
17262,517.5222844549946,0.24717504609314234
17263,93.67304716990739,0.9141335146813037
17265,154.269207956755,0.6225007930353577
17268,133.97715389346206,0.8288386326329213
17272,174.99153371063895,0.4557758646101431
17277,358.6338160461906,0.31640962135221534
17278,98.52922783050656,0.6570754594617594
17282,691.0760426151626,0.12462898583450431
17284,559.5843334729234,0.016611038325434188
17287,369.8712400076553,0.1312129615295299
17288,559.2654143331438,0.08749945297888166
17289,83.34253936208695,0.6080200404544073
17299,90.32492811705423,0.7861879829846059
17302,383.72417834215594,0.16387717687960718
17306,1553.3649482721223,0.009221193048669692
17314,414.32294370350763,0.35014639657468927
17315,1232.8767555635886,0.04713306273304038
17320,464.234206813934,0.12675883721251952
17323,328.9068306910402,0.07660042815803879
17337,830.3298825432066,0.18767651801290675
17338,391.2050721883947,0.2044890148498192
17340,1503.2500297382185,0.06290355968120204
17345,333.2243717584407,0.5325227162062335
17346,947.419599107372,0.048597486317161744
17349,40.30345283416625,0.8926149578837131
17351,272.6039230930397,0.17098572899472686
17360,150.8761645212583,0.747268705584213
17361,372.6085408643686,0.3770626930679166
17362,343.96654662837517,0.11285312384126792
17364,521.6901965406269,0.0828087253294612
17365,969.9510447085166,0.20482055610084968
17367,116.1230916874839,0.33074959705885576
17368,676.1761163262888,0.046797417816684825
17370,219.59356125307178,0.857647082428425
17372,570.5846822787515,0.018501384842298334
17374,202.0447577807672,0.5616661029407908
17375,371.15698790974227,0.2299487024167857
17377,311.297454021297,0.40420564391454394
17381,808.7681227592614,0.042046571768854464
17384,89.99152818667014,0.383477208504383
17386,1044.676386500002,0.4879859424502754
17388,824.0125225489065,0.2329664062935716
17389,1238.9176320843833,0.0020033621633975844
17391,847.1565672074119,0.5178610858253682
17394,401.92041480278465,0.25890288160251945
17398,124.96215072339486,0.4303819803605751
17400,410.4638402216576,0.22491158284841856
17402,552.0316687690685,0.011391615746185491
17404,0.0,0.4662563295348469
17408,15.76642384334801,0.9150419997249678
17409,263.7161686767601,0.25590014059298055
17410,171.46280739135304,0.49547844119320017
17412,510.58443551031996,0.09071097412484895
17414,56.0937882649073,0.6247930930579513
17416,2275.5387443045665,0.020275039702310167
17419,453.86207441867055,0.09034830980080148
17420,349.6652220509801,0.3989492880163001
17422,863.4401110972884,0.033827908239814936
17423,490.8122841404408,0.5342271327556772
17426,344.0133658157309,0.055484152967349064
17428,1068.105218221654,0.01884085574438632
17429,241.35821309371332,0.3480103271091219
17436,114.24020786091135,0.4608714647922999
17440,119.78304796225773,0.8157860063792527
17442,549.3580998570958,0.05158727396943174
17443,396.056397918388,0.5303837725182842
17444,858.8192790268536,0.53755440441125
17446,403.2492394332879,0.16686797148021296
17449,402.51168317064884,0.16062410651485207
17450,13627.3424048561,0.013469458038678111
17454,402.04829519613634,0.1633811569541095
17455,66.4016527149742,0.3795070885482001
17457,840.8997899780123,0.0704300340594242
17460,474.32465930942,0.1601693060321266
17463,833.9467393320706,0.029917753735699663
17469,191.08598396855092,0.6202642849788348
17470,951.26262082447,0.147393327880147
17472,442.89877124891314,0.2871644466003916
17483,42.327601230344634,0.9296003214535168
17489,211.13786620938063,0.5877011582219542
17490,185.11868328595827,0.7819699726179611
17491,406.3817358390233,0.6722526930140688
17492,250.41022449649876,0.2613010808031594
17501,189.18141343089147,0.30899500036525235
17504,1770.6913987110725,0.10289169220769077
17505,536.3239894085926,0.17452252735925597
17511,15428.03651174076,0.07368732841292602
17512,534.1124422403708,0.13388253042348838
17515,394.47731736039236,0.1737050758130432
17516,326.1377213383561,0.3299145519200744
17519,552.6900650934964,0.022356053774961897
17521,112.92308813545802,0.5434508590583652
17522,1119.9173973133206,0.03839921606962356
17527,96.78089866020989,0.7229057754691637
17530,693.9031114101007,0.06705217818674572
17531,124.3587189449443,0.731564567979119
17536,190.86593993247934,0.9464985992124036
17548,140.65823972808275,0.6457949159545714
17550,147.78784906148454,0.10059998707138446
17556,110.55222292519727,0.4209563251209545
17560,482.99823624371436,0.06147633205138066
17562,384.92489672529916,0.6072776417161224
17567,325.17251125882814,0.3709287237533742
17572,539.0840956492549,0.10474900423133773
17574,46.0282799224985,0.8306141163838304
17576,1227.6809356391416,0.013298385189860724
17578,104.27306298725478,0.4472781614796065
17579,60.399582858351515,0.443262862695998
17580,449.76827726949347,0.534156724578296
17581,2190.580654069991,0.00542196138088025
17582,81.92666071200176,0.7073907021558016
17585,631.5435300305426,0.5269538126900826
17588,150.46670263157807,0.3889971027655876
17589,1515.0863261139864,0.06373954603250861
17591,557.5456481497143,0.14780727943631577
17593,728.6171147406827,0.36561390978792874
17596,547.7208645240275,0.05833974532189369
17597,0.0,0.2814268377676042
17601,66.93145764340535,0.5575929095137894
17604,342.73666093504625,0.2008554012308481
17611,718.9314352076889,0.009598037327997268
17612,512.668188560118,0.14605864898517237
17613,1035.2127007320416,0.018222259825298227
17615,105.6529939233701,0.3604724264200524
17616,183.56905829288323,0.6931683321037212
17618,468.7748135236367,0.19394789434802273
17624,408.4183159700529,0.4272429262081806
17629,722.6445921924137,0.013778728543030463
17630,34.25517966189044,0.23020072216008336
17631,136.9900555992208,0.5701466663463111
17634,330.81676504654075,0.4524797583014083
17642,237.95187747226902,0.3303707259853881
17644,398.61890457588595,0.03353343497999856
17646,410.59096270213274,0.1587467347056572
17648,633.9983871700737,0.0920437608504632
17651,387.23597653491623,0.1177408895579761
17652,2357.7100478758143,0.045336719166055084
17655,447.3828792019401,0.37741088877243234
17658,347.89374118950485,0.39388061885812625
17659,945.2451497665103,0.02702074906009333
17663,475.14553552574495,0.049840880721256045
17664,300.0582449713273,0.6319725134771044
17667,386.2593033977591,0.19920580300909638
17669,914.0241306195737,0.0510225929837663
17670,88.15786208935093,0.7232587405100813
17671,440.82698447587984,0.10479293702744824
17673,361.86659598494947,0.24279521772088639
17675,1335.5638755391496,0.0074330935741103304
17677,2606.7132279587254,0.0035494585487030913
17682,965.0510862623456,0.03201938974510124
17686,905.0761220087402,0.04039750124076997
17690,1185.3090760536863,0.016585995119710407
17692,320.6565873038556,0.10701891559985738
17695,223.11810524958202,0.3785835555508561
17696,407.68715019162727,0.07008952455542322
17697,197.67817436590474,0.3734617147155426
17700,290.42806249045,0.43813602396949336
17701,324.18504425505444,0.1791090472185579
17702,342.3030982182051,0.07419082093920752
17704,631.4624561982055,0.24343904414815165
17705,413.6888521088815,0.070703057238738
17706,406.7282920168446,0.07854614861537955
17707,274.9823699116319,0.3484094666640066
17708,337.7835068863543,0.44902226434838655
17709,185.54377521749655,0.8575842813602452
17715,579.8923009800511,0.4447897205060696
17716,1406.419079393645,0.31751279569938584
17718,77.00476959954277,0.9092687981585307
17719,1770.091509879193,0.0025309253109264606
17720,414.21061159257135,0.18614422617964774
17722,516.4743143758219,0.023808185280204047
17723,2046.8039260015662,0.019493866981200068
17725,1153.8061665597133,0.011625118372882876
17730,1200.3121489363243,0.023527167271892198
17731,838.0668302559304,0.2808805112063844
17734,51.88641556353985,0.8197494188685096
17735,3657.4766626037504,0.002184606084902459
17739,678.1199746950546,0.01973515920786226
17744,588.5409703663364,0.43976773058060825
17746,223.62978286691927,0.4911577509810433
17749,208.34699211629055,0.2016848776341717
17750,303.02295284556726,0.5340632724716801
17757,276.81606032452396,0.02875226793864649
17758,557.6585304685639,0.35800618453105676
17759,691.4344463282875,0.5504956217688101
17764,160.77268713502687,0.5505855150419869
17765,104.12510767278214,0.16388408728538273
17768,61.94690327481924,0.862971893182599
17769,420.6552112609146,0.1870892774158972
17770,196.73102413664185,0.09123040731866368
17774,452.12721377247345,0.10712566789511371
17783,170.07544052690236,0.5025664071107557
17790,241.44525602724897,0.2715183645702951
17795,97.23665789012104,0.45968453196017317
17797,70.95027554350366,0.8339636579920874
17799,1068.9902802550278,0.018526016467855694
17800,360.5366923113205,0.1528959881059116
17802,397.08587785020444,0.24412084127530126
17809,1833.9798806385072,0.018718479827007417
17811,748.8418292532892,0.019808871277960046
17819,3106.2565969425486,0.021878258189832394
17827,397.29265502453075,0.17815502050384566
17828,586.3431269288878,0.05468581180755502
17837,88.23099492629794,0.5877492406488345
17841,12539.45919846516,0.002081479802293681
17848,378.57283116834026,0.01605366192341377
17849,460.6804857225718,0.15789176859568171
17854,242.39075491915324,0.12514182206328978
17856,234.32933935298803,0.4439594165698508
17857,8149.158285659229,0.007038687642559123
17858,298.48074770756534,0.2540292443349832
17865,1410.4962458244397,0.01444637682971738
17867,832.509693426822,0.11515476303587452
17869,351.1580025460101,0.5654262228194229
17871,93.7682508311068,0.7079515616340569
17873,988.3270653832749,0.05169018551342423
17874,791.617391676727,0.1641283414579012
17877,159.2111283255404,0.8203118175168954
17879,101.6509227470072,0.48405501719606525
17883,101.53055821255629,0.5832065824453976
17886,296.9942144664542,0.2775332290986987
17888,535.1622452607944,0.11324068785250317
17889,406.97160654477364,0.12837842601143368
17893,107.81282647207958,0.6098669218967402
17897,310.8783412551638,0.3893362707380369
17898,87.19306739870022,0.6543164948204351
17900,103.84944268424016,0.9420727412762999
17906,261.8047213529266,0.5461544787049475
17920,572.9766538866671,0.04923742900492731
17926,135.6041738343015,0.3828914304809072
17928,174.46075204726094,0.314082393543049
17930,335.28811919482627,0.5009425995958006
17932,758.6085183068254,0.09890914781953161
17940,1365.2580891311097,0.025744651578175102
17946,79.44149797307878,0.42510005495565173
17949,7851.500917095452,0.004168910602925774
17954,522.0053085672075,0.034496666469833286
17955,165.89705578937384,0.5059479926729689
17956,260.43036624274737,0.2740840454038895
17960,76.30456645126675,0.6822807485035246
17961,349.43738807641716,0.014213505517314382
17965,420.9686501526334,0.03442703802722484
17966,176.53754609408176,0.5029877872537538
17969,332.08810634631084,0.4939755659848424
17970,143.11939904944938,0.41836101864602354
17972,153.24638299877188,0.4305444234789475
17974,129.6756002367107,0.4355866654630185
17975,1149.0814622787432,0.1985544802184084
17979,86.39675697110954,0.6956794919077499
17980,704.072451314391,0.02508291310880126
17987,77.60983436368699,0.865352545375788
17990,395.8767587401756,0.22728034618911794
17991,103.96022888706338,0.8274359820728454
17994,400.2574104061514,0.27340457576208294
17997,227.31477539303066,0.47578392134273023
18008,1932.543401051576,0.08679004473226612
18009,132.39826073933793,0.732661451661365
18016,361.89331206113064,0.3544970559897446
18017,281.1825787067712,0.5799431442685633
18018,128.49444458168782,0.48071219591281245
18036,80.91774520815584,0.8010484340569959
18037,348.16812284157197,0.5529314638528736
18040,89.50101907183699,0.465600093288651
18041,604.6956877541394,0.021818372071039788
18043,402.25866549922284,0.09000483713296027
18044,534.6731689173082,0.0063880212889296665
18048,114.88622726214192,0.5892731739700373
18055,492.0155246596392,0.15707679920655795
18061,1038.9309925055672,0.01890861748996488
18062,563.605958495629,0.026828195584632352
18064,178.52375280800652,0.45189480396846426
18065,802.8303289725918,0.008833126057160322
18069,66.7331575546482,0.02532112298590284
18072,70.96324992158614,0.9420435715624027
18073,2884.9544097704265,0.0077584184248237755
18075,310.80872826621237,0.0250551180786356
18077,501.0572431876305,0.024211877035502226
18078,126.35741810593325,0.5483521218989825
18079,0.0,0.19348510616207304
18080,793.4666634447993,0.8432665995401422
18092,1929.2636084021372,0.048223550646478645
18094,858.1952349311345,0.3685729332198162
18097,578.4966694719114,0.25599710243187085
18102,16644.543714833482,0.0075465766593317465
18109,1325.6856759858583,0.010236523694758604
18112,15.592897626691444,0.8180414493966686
18116,307.23147258786224,0.12758451112104555
18118,1495.6398598123192,0.0028775536623695253
18120,88.36940837378977,0.8511800897723507
18125,475.42925139933527,0.23684946702892343
18129,57.94662985624432,0.7480119982876112
18135,26.63247700449188,0.9465291289003539
18136,503.5576451086886,0.11685469088992777
18142,144.1950779775625,0.5071433903404114
18144,358.161315358454,0.2583749639122286
18145,793.2033391809413,0.11590961808775874
18146,117.42055144040094,0.7354693178782927
18149,549.1657874404998,0.07437756908886749
18150,143.87239759155247,0.652007841605318
18155,258.9835201776075,0.8119479526003252
18160,221.34742655834984,0.39660765042105034
18161,425.7437987674261,0.21934622876553708
18165,295.4237511920773,0.41679307821091277
18168,623.0318602618869,0.011080094965140773
18170,198.22030108363765,0.44197623943674197
18171,428.0541795414982,0.2769181043121098
18172,2664.751559201201,0.24621781848475627
18173,1175.571249845432,0.21300685530140911
18177,149.03768398672895,0.2436981874991761
18178,627.2296011456982,0.2005713602767465
18179,356.0900307804466,0.5644423218573457
18183,331.1364681410367,0.22583595769085868
18185,324.6029750316272,0.21073545537861774
18190,461.7312355747093,0.11016361286669722
18193,140.4490338206738,0.8077170718960032
18198,2141.2670049670533,0.00747316549499327
18202,813.6929529210206,0.10997320117395633
18204,657.8523527409449,0.2208195902160966
18213,135.91574595708352,0.6796064733597702
18218,697.517986486429,0.05513403638376219
18219,1159.6990974267026,0.025617167306362786
18220,251.08740567080812,0.2788663937273056
18221,468.1150935283461,0.14396940853500256
18223,985.3293381023859,0.03919346170364303
18225,489.9885042516746,0.1826530344531232
18226,1776.1697562240397,0.027796021226373393
18227,73.8484730353187,0.8736464840101025
18229,831.0610748245556,0.005656446587622875
18230,1640.4630078726261,0.055668719329488976
18231,1632.533875000147,0.015166190905937637
18232,246.86676982644855,0.4473354476266112
18235,444.35980056732734,0.5928810793473879
18236,161.227524021636,0.25462082785372764
18239,423.7842966903003,0.1631127176937897
18241,218.66084084604432,0.316677620983352
18242,1404.0132703534184,0.11982226089092964
18245,381.39344056565477,0.2221123033421593
18246,48.35573986857864,0.9076527131773919
18248,555.5901771135854,0.09878506875303117
18252,39.04875185320663,0.9576552724122592
18257,548.9802714201824,0.056710243911872876
18260,1232.8628471049365,0.021100707882184967
18263,415.14017439311755,0.5484563136854967
18272,539.9400418683493,0.3878079660875171
18281,137.85768216381277,0.3870390137606856
18283,551.7940213999731,0.011172427769113053
18287,276.45986891446466,0.35134147781708486
