CustomerID,churn_probability
12347,9.586731408717242e-11
12348,2.127693576881029e-10
12350,0.0
12352,9.7916674768328e-10
12353,0.0
12354,0.0
12355,0.0
12356,1.5640533312932803e-10
12359,9.91529081062481e-11
12360,0.0
12361,0.0
12362,1.3846990221111355e-10
12363,0.0
12365,0.0
12370,3.263513903561943e-10
12372,1.1748890749174734e-10
12373,0.0
12377,3.45752315666914e-10
12379,0.0
12380,0.0
12383,1.0865308652796557e-10
12386,4.473603709698182e-10
12388,4.6150439025893775e-10
12393,2.350426520081328e-10
12394,0.0
12395,2.200468696145208e-10
12399,1.0321810073321558e-10
12401,0.0
12402,0.0
12406,0.0
12407,1.9403745277202233e-10
12408,8.184075639405819e-11
12409,0.0
12410,0.0
12412,0.0
12413,1.3497114537130983e-10
12414,1.6113288481278687e-10
12415,1.094233592624505e-10
12417,1.1442047309628833e-10
12421,7.732614548672245e-11
12422,7.4137584959999e-11
12423,1.413755779111625e-10
12426,0.0
12427,0.0
12428,5.871092501052999e-10
12429,7.8541839698687e-11
12431,1.9257195837951713e-10
12432,0.0
12433,7.482037212014347e-10
12434,0.0
12435,0.0
12437,1.1829559554143998e-10
12441,0.0
12444,0.0
12447,0.0
12449,0.0
12450,0.0
12451,1.1621881235157616e-10
12455,1.0572143160914038e-10
12456,0.0
12457,4.805698061716157e-10
12458,0.0
12462,0.0
12463,9.183609428475847e-11
12464,1.2191159193264411e-10
12465,0.0
12468,8.747913504691951e-11
12471,3.29557048317497e-10
12472,9.012923740669976e-11
12473,0.0
12474,8.235301329762024e-11
12476,2.199731508056857e-10
12477,1.6242185374437668e-10
12480,1.9508417103963893e-10
12481,1.0315392984239224e-10
12483,1.0894418700502229e-10
12484,7.862865913921269e-11
12489,0.0
12490,7.986078465194169e-11
12493,7.463007989372272e-11
12494,1.1773648722623875e-10
12500,7.994560569102305e-11
12501,0.0
12502,1.6186696427666902e-10
12506,0.0
12507,0.0
12509,0.0
12510,0.0
12514,0.0
12515,0.0
12516,0.0
12517,0.0
12520,1.5004086861836186e-10
12523,4.388853724890396e-10
12524,1.7978329935885995e-10
12527,3.226972022929431e-10
12528,2.662943199283063e-10
12530,1.3120304842573205e-10
12535,0.0
12539,3.232147882670233e-10
12540,1.347286726627317e-10
12541,7.886002961754457e-11
12545,0.0
12547,1.0264189498343512e-10
12548,0.0
12551,0.0
12553,1.830224860555063e-10
12557,2.250650776858265e-10
12559,4.869054048839416e-10
12561,0.0
12562,9.196399197719529e-11
12564,0.0
12565,0.0
12567,1.0256262505947689e-10
12569,1.4157497396638519e-10
12573,0.0
12574,0.0
12576,1.2298007057154337e-10
12577,0.0
12578,0.0
12580,0.0
12582,1.7227441695411017e-10
12583,8.848344279499543e-11
12584,8.952305563525442e-11
12585,1.268525284814359e-10
12590,0.0
12591,0.0
12592,0.0
12593,0.0
12594,1.2438938767900254e-10
12596,0.0
12597,8.901390735616133e-11
12598,1.356761369919468e-10
12599,7.335687612908259e-11
12600,1.8443446769822458e-10
12601,1.2643841529325073e-10
12604,0.0
12609,8.652478733495172e-11
12613,1.0747691625567768e-10
12614,0.0
12615,0.0
12616,0.0
12619,2.0985724269451111e-10
12620,0.0
12621,1.1941381217184244e-10
12622,0.0
12623,0.0
12624,0.0
12625,1.0951572981809932e-10
12626,5.021054683140846e-10
12633,9.995293481779299e-11
12637,2.230042817075173e-10
12639,0.0
12643,8.328138179081179e-11
12645,1.1999246041227707e-10
12647,1.641962121823326e-10
12649,0.0
12651,0.0
12652,0.0
12653,0.0
12654,9.948442070140118e-11
12656,1.3285106348348563e-10
12662,1.1111356279513984e-10
12664,1.3594525505311594e-10
12665,0.0
12668,2.5937385572660787e-10
12669,0.0
12670,1.2416490058342333e-10
12672,0.0
12673,0.0
12674,8.077605251344266e-11
12676,1.0409784145792855e-10
12678,1.0404987982326475e-10
12679,1.1217360373905194e-10
12681,2.4461765946171e-10
12682,1.3715961699745094e-10
12683,1.262083770825484e-10
12684,9.258083188967703e-11
12686,0.0
12690,0.0
12691,8.851903654516491e-10
12693,1.4063417097531783e-10
12694,0.0
12695,0.0
12697,0.0
12700,0.0
12701,0.0
12704,0.0
12705,1.1066658700542575e-10
12707,0.0
12708,1.0270850836491263e-10
12709,1.660227511024459e-10
12710,0.0
12712,1.3741408011469503e-10
12714,9.070810769173931e-11
12717,0.0
12720,9.120570965137631e-11
12721,9.742318063388211e-11
12724,7.693601311586917e-11
12725,0.0
12726,1.0771672442899671e-10
12727,1.1057554871740649e-10
12728,2.9489966024698333e-10
12731,9.427725267130427e-11
12732,0.0
12733,0.0
12734,0.0
12735,4.197708847186732e-10
12736,0.0
12738,0.0
12744,1.6787460310752067e-10
12747,7.433165194470348e-11
12748,1.0203393685515039e-10
12749,0.0
12753,3.089470901329605e-10
12754,2.2805402011272236e-10
12755,0.0
12757,1.051165821053246e-10
12758,0.0
12759,7.7475581505837e-11
12763,0.0
12764,0.0
12766,2.560796019679401e-10
12769,0.0
12770,0.0
12775,1.1742051775343043e-10
12778,1.0407719130967052e-10
12779,1.4262524494768059e-10
12781,0.0
12782,2.3178703401072198e-10
12785,0.0
12787,0.0
12790,0.0
12791,0.0
12792,0.0
12793,4.0022052338883896e-10
12797,0.0
12798,0.0
12802,0.0
12808,8.204481538598429e-11
12809,0.0
12811,5.4922710823746e-10
12815,0.0
12816,0.0
12817,0.0
12818,0.0
12820,0.0
12821,0.0
12823,3.9178971178444044e-10
12826,8.912648397085832e-11
12829,4.734281855434119e-10
12830,0.0
12831,0.0
12834,0.0
12836,1.217472789249996e-10
12837,0.0
12838,0.0
12839,1.0396483673957846e-10
12840,1.1263057153598766e-10
12841,1.6840417949026687e-10
12842,0.0
12843,8.733680445516256e-11
12845,1.3608738580472846e-09
12849,0.0
12852,0.0
12853,1.5186008006651264e-10
12854,1.536233362742223e-10
12855,0.0
12857,1.1291789725476065e-10
12866,0.0
12867,7.469136420468203e-11
12868,1.167372865040761e-10
12871,0.0
12872,3.72083031052739e-10
12873,0.0
12876,0.0
12877,1.1196732430107659e-10
12878,1.9447776722358867e-10
12881,0.0
12886,0.0
12888,1.4255063796042577e-10
12891,8.814660112932415e-11
12897,1.0596501454074314e-10
12901,7.568679016856095e-11
12902,0.0
12904,0.0
12909,1.1720224790678913e-10
12910,1.1534173616212229e-10
12913,3.5441938273095275e-10
12915,0.0
12916,1.2013501304863894e-10
12919,0.0
12921,1.5916512552394124e-10
12924,1.1305756331125849e-10
12928,1.3265166742826295e-10
12929,0.0
12930,0.0
12931,1.6005552438969062e-10
12933,7.716449701433703e-11
12935,1.0117129356501664e-10
12937,1.059938803393834e-10
12939,4.037326029049382e-10
12942,9.038703119301772e-11
12944,0.0
12945,0.0
12947,1.0115885906714084e-10
12948,1.9801249528939024e-10
12949,1.271149852044573e-10
12951,8.9029672523111e-11
12955,8.096234793697477e-11
12956,0.0
12957,1.0471601363803984e-10
12963,0.0
12967,6.415883380128662e-10
12970,0.0
12971,1.6254042556340664e-10
12974,0.0
12976,0.0
12980,1.084945466800491e-10
12982,0.0
12987,0.0
12988,0.0
12989,1.468469790211202e-10
12990,8.642198068287144e-11
12993,1.1031464630661958e-10
12994,0.0
12997,1.4515721957764072e-10
12999,1.453805964501953e-10
13000,1.5602563685490622e-10
13001,1.897428880681673e-10
13002,0.0
13003,0.0
13004,8.881184676567955e-11
13005,8.092793102321139e-11
13008,0.0
13011,0.0
13012,1.615696465506744e-10
13013,1.2319723019516005e-10
13014,8.183276278828089e-11
13015,1.456459397530807e-10
13018,1.7007528718693266e-10
13021,7.495271070467879e-11
13026,1.4128520575695802e-10
13027,1.7237034022343778e-10
13029,0.0
13030,0.0
13033,0.0
13034,0.0
13035,0.0
13037,1.5421774968160662e-10
13038,8.656830807751703e-11
13043,0.0
13044,0.0
13046,0.0
13047,8.582268229417878e-11
13048,1.4289480709805957e-10
13049,0.0
13050,1.69301239694164e-10
13052,0.0
13055,0.0
13059,0.0
13060,0.0
13062,0.0
13064,0.0
13065,0.0
13068,0.0
13069,1.6952328429908903e-10
13070,0.0
13072,0.0
13077,2.1945845141146947e-10
13078,7.385581035634914e-11
13080,0.0
13081,2.0542101353271391e-10
13082,9.403056111523256e-11
13085,0.0
13089,2.1828450158523083e-10
13090,9.811240708756941e-11
13092,1.539630645197576e-10
13093,2.495852191586323e-09
13094,1.7028622956161144e-10
13097,9.045297844068045e-11
13098,1.0016631968312595e-10
13101,0.0
13102,1.2074474753376307e-10
13104,1.77585501859312e-10
13107,7.812039903853929e-11
13108,0.0
13110,3.5686609223262167e-10
13113,1.5444001633113658e-10
13115,0.0
13117,2.557840605987849e-10
13118,1.5120837915105767e-10
13120,0.0
13121,0.0
13122,0.0
13124,1.4788104074625608e-10
13126,3.3378610986289914e-10
13131,0.0
13132,0.0
13133,2.7244029254802626e-10
13134,1.0964607000119031e-10
13136,0.0
13137,1.8759571673854225e-10
13138,1.268896099304584e-10
13139,1.4181256169365497e-10
13140,0.0
13141,1.4989742780358029e-10
13144,0.0
13148,2.216711258995474e-10
13149,0.0
13151,0.0
13155,3.6091263311277544e-10
13157,1.698228224711329e-10
13158,0.0
13161,0.0
13162,9.250644694702714e-11
13165,0.0
13166,0.0
13168,1.1719025749812317e-10
13169,0.0
13171,0.0
13173,0.0
13174,3.058775455144769e-10
13178,8.642597748576009e-11
13183,1.2817835681744327e-10
13184,1.2586909292622295e-10
13185,0.0
13187,0.0
13192,0.0
13196,0.0
13198,2.1279977779897763e-10
13199,1.2849721287011562e-10
13203,0.0
13208,1.3429546363852296e-10
13209,1.540783056697137e-10
13211,0.0
13213,1.0611023171236411e-10
13216,0.0
13220,1.1654011089490268e-10
13221,1.3139045407228878e-10
13223,1.2642420443853553e-10
13225,1.1871770233540246e-10
13226,0.0
13227,0.0
13229,0.0
13230,2.807603038945672e-10
13232,1.1605849614682029e-10
13233,0.0
13235,0.0
13238,7.121236933471664e-11
13239,0.0
13240,7.938627533121689e-11
13242,0.0
13243,0.0
13246,9.498668518403974e-11
13248,0.0
13249,0.0
13253,0.0
13255,0.0
13258,0.0
13261,3.036868534422865e-10
13262,0.0
13263,7.574518789965623e-11
13265,1.0041012465933363e-10
13266,1.7424017784151147e-10
13267,1.9238077797467668e-10
13268,9.012945945130468e-11
13269,1.0256262505947689e-10
13270,0.0
13280,4.2839709557540573e-10
13282,0.0
13283,0.0
13284,0.0
13285,1.4339818221742462e-10
13292,0.0
13294,9.970313463725233e-11
13295,0.0
13299,0.0
13300,0.0
13301,1.348139377910229e-10
13304,0.0
13305,2.7279067893459796e-10
13308,0.0
13309,1.0658274263164458e-10
13310,1.0318967902378517e-10
13313,1.090827428384955e-10
13316,0.0
13317,1.0645062609171418e-10
13319,8.916822835658422e-11
13320,0.0
13324,1.3368794959944807e-10
13327,9.907497044991942e-11
13328,0.0
13329,0.0
13330,8.600187229035328e-11
13334,9.11399844483185e-11
13339,0.0
13340,0.0
13341,0.0
13343,0.0
13344,0.0
13345,0.0
13357,0.0
13358,0.0
13362,1.9374812865180502e-10
13365,0.0
13368,1.6905810085177109e-10
13369,0.0
13370,0.0
13373,0.0
13376,1.3211498561815915e-10
13381,1.1031464630661958e-10
13382,0.0
13384,0.0
13385,0.0
13389,0.0
13391,0.0
13394,1.5363443850446856e-10
13395,0.0
13396,0.0
13397,9.082667951076928e-11
13398,0.0
13402,0.0
13404,0.0
13405,1.0254064264358931e-10
13408,9.29487598000378e-11
13410,1.0346123957560849e-10
13417,0.0
13418,7.429079573739727e-11
13420,0.0
13421,0.0
13425,7.467937379601608e-11
13426,1.0319767262956248e-10
13427,0.0
13435,0.0
13437,8.117861938217175e-11
13439,0.0
13448,1.3208500959649427e-10
13450,1.4969292472244433e-10
13451,1.338948951712382e-10
13453,7.271871993452805e-11
13455,0.0
13456,8.823786146194834e-11
13458,8.72564243081797e-11
13461,0.0
13462,0.0
13466,0.0
13468,2.6495938776349703e-10
13473,0.0
13474,0.0
13475,1.2705436702731276e-10
13476,8.297074138852167e-11
13477,7.943823376876935e-11
13479,1.2515743996743822e-10
13481,1.020916684524309e-10
13482,0.0
13484,0.0
13485,0.0
13487,1.0439560327313302e-10
13488,1.5355894333879405e-10
13489,4.3556380724396604e-10
13491,1.2498118096004873e-09
13492,0.0
13493,3.456113173427866e-10
13494,0.0
13495,1.610895861148265e-10
13496,0.0
13497,1.9714074817045457e-10
13499,1.5751799864460736e-10
13501,0.0
13502,2.3492607859054715e-10
13505,7.685563296888631e-11
13506,3.058775455144769e-10
13508,0.0
13509,4.5855941266381706e-10
13510,0.0
13512,0.0
13515,0.0
13516,0.0
13517,0.0
13520,9.68545244006691e-11
13523,9.166645220659575e-11
13524,8.350897751085995e-11
13525,0.0
13527,9.811484957822358e-11
13529,0.0
13531,9.597211914069703e-11
13533,8.810330243136377e-11
13534,1.998483600829104e-10
13538,9.350387131235038e-11
13539,1.5813061970959552e-10
13544,0.0
13546,0.0
13548,0.0
13549,1.3412093657905189e-10
13551,0.0
13552,9.596345940110496e-11
13555,0.0
13557,0.0
13561,0.0
13562,0.0
13564,6.153788589813303e-10
13565,0.0
13568,0.0
13569,0.0
13570,0.0
13571,1.2532241910889752e-10
13572,0.0
13573,0.0
13575,0.0
13576,1.1159340118638283e-10
13577,0.0
13579,0.0
13581,0.0
13584,0.0
13588,0.0
13589,0.0
13590,1.2206791133451134e-10
13591,1.1677681044375277e-10
13592,1.6081780351839825e-10
13593,3.214439825427462e-10
13599,1.401168070458425e-10
13600,0.0
13601,0.0
13606,1.6288104198736164e-10
13610,1.0482437140524326e-10
13611,7.46867012679786e-11
13614,7.18152204370881e-11
13615,0.0
13617,0.0
13618,0.0
13623,1.9850654453534844e-10
13626,0.0
13627,8.238010273942109e-11
13629,8.833400677588088e-11
13630,8.505351978271847e-11
13631,7.482547914605675e-11
13632,8.779887927801155e-11
13634,1.4964629535541007e-10
13636,4.27021973337105e-10
13637,1.0327139143839759e-10
13642,0.0
13643,0.0
13647,8.426792597049371e-11
13649,1.502444835210781e-10
13650,1.2132539417564203e-10
13652,1.4920353841318956e-10
13654,1.4114798219111435e-10
13655,0.0
13656,7.17832460139789e-11
13657,0.0
13658,0.0
13659,1.0296608010662567e-10
13662,1.3520695674174021e-10
13663,0.0
13666,0.0
13668,8.584266630862203e-11
13672,3.4025204875831605e-10
13675,0.0
13680,6.74728717342532e-10
13682,0.0
13684,0.0
13686,0.0
13692,1.5792855911911374e-10
13694,2.0852986004626928e-10
13695,9.471645689984598e-11
13700,9.536549328004185e-11
13703,0.0
13705,0.0
13706,0.0
13707,2.2399149202101398e-10
13708,0.0
13709,7.42839123546446e-11
13711,0.0
13712,0.0
13715,5.95567817285314e-10
13716,0.0
13717,8.14142087079972e-11
13718,1.8632895226744495e-10
13719,1.3709766655267686e-10
13720,9.514633525498084e-11
13722,0.0
13723,0.0
13725,8.88487061700971e-11
13728,1.178175335070364e-10
13731,1.649831382621869e-10
13735,8.426792597049371e-11
13736,0.0
13737,0.0
13740,0.0
13741,9.918510457396224e-11
13742,1.3092482653576099e-10
13743,1.4650303192809133e-10
13744,0.0
13747,0.0
13748,1.5831602695470792e-10
13750,7.862133166725016e-11
13751,0.0
13752,1.2904455282125582e-10
13753,0.0
13754,0.0
13756,1.0396483673957846e-10
13758,1.4601186926199716e-10
13760,0.0
13761,0.0
13762,0.0
13764,0.0
13767,8.158229647392545e-11
13769,1.6841483763130327e-10
13771,1.163034113460526e-10
13772,0.0
13777,8.306089149812124e-11
13780,0.0
13781,0.0
13782,1.366102786448664e-10
13784,8.423350905673033e-11
13786,0.0
13787,0.0
13791,0.0
13792,0.0
13798,1.0006440120946536e-10
13799,0.0
13800,0.0
13802,1.8953483227335255e-10
13803,0.0
13804,0.0
13807,0.0
13809,0.0
13811,9.368217313010518e-11
13815,7.671707713541309e-11
13817,0.0
13819,1.0688741003406221e-09
13821,0.0
13824,1.2750223099544655e-10
13826,0.0
13831,1.0705192288185117e-10
13835,0.0
13837,1.1001310973313139e-10
13838,0.0
13841,0.0
13842,1.6587131668188704e-10
13846,1.3353962380335815e-10
13848,0.0
13849,0.0
13851,0.0
13854,6.015703490902524e-10
13856,8.309197774281074e-11
13859,0.0
13862,1.0792966520511982e-10
13863,0.0
13865,8.9396934299657e-11
13867,0.0
13869,2.695397238738906e-10
13870,7.483169639499465e-11
13871,2.15419904137093e-10
13873,1.211104549980746e-10
13874,0.0
13875,9.687317614748281e-11
13880,1.2090128898023522e-10
13881,8.285661046159021e-11
13883,1.5443357703759375e-10
13884,3.8411296365836733e-10
13885,1.2076162292373738e-10
13887,0.0
13888,0.0
13890,0.0
13892,0.0
13893,0.0
13894,0.0
13895,0.0
13898,0.0
13899,0.0
13900,1.0296430374978627e-10
13901,1.868758481293753e-10
13904,0.0
13908,1.2916046010502669e-10
13911,2.0122015165213725e-10
13917,0.0
13918,0.0
13922,0.0
13929,7.469247442770666e-11
13931,0.0
13932,0.0
13934,0.0
13936,0.0
13937,0.0
13939,0.0
13941,7.752021247142693e-11
13946,1.1173972858102843e-10
13948,0.0
13950,0.0
13951,8.66682281497333e-11
13952,1.6862222729230325e-10
13953,7.228417864268977e-11
13955,0.0
13956,2.124820319693299e-10
13959,2.0109691689640385e-10
13962,0.0
13963,1.319027775892323e-09
13969,8.45730152576607e-11
13971,9.881806484202116e-11
13972,0.0
13973,0.0
13975,1.3096546069846227e-10
13976,0.0
13982,7.146550018433118e-11
13983,1.0202594324937309e-10
13984,2.0751933504925546e-10
13985,1.0442935405308162e-10
13988,1.1504708297138677e-10
13989,0.0
13990,0.0
13993,1.5225309901722994e-10
13995,0.0
13999,9.707701309480399e-11
14000,0.0
14001,1.1808309885452672e-10
14004,7.848988126113454e-11
14005,8.683875840631572e-11
14006,1.5791234986295422e-10
14009,1.4436807305173716e-10
14012,0.0
14013,0.0
14016,1.193842802393874e-10
14021,1.3505463414276164e-10
14022,0.0
14023,0.0
14030,2.717825964282383e-10
14031,8.965317377374049e-11
14032,8.053091526960543e-11
14035,2.612681182512233e-10
14036,0.0
14037,7.773581778280914e-11
14038,0.0
14040,1.2158096751591074e-10
14041,0.0
14044,0.0
14045,4.124305341690615e-10
14046,0.0
14047,1.05301989350437e-10
14048,0.0
14049,9.862266558968713e-11
14051,1.1084022588647713e-10
14056,2.726463499413967e-10
14057,1.6940049363256549e-10
14059,0.0
14060,1.66339386709069e-10
14062,9.644440801537257e-11
14064,1.729427712149345e-10
14066,0.0
14068,0.0
14071,3.3441582836246653e-10
14075,0.0
14077,9.844747239640128e-11
14078,1.0500555980286208e-10
14081,2.5122237623520505e-10
14082,0.0
14083,1.2196599286085075e-10
14085,1.2004641725127385e-10
14088,7.815170732783372e-11
14090,0.0
14092,8.728440192840026e-11
14099,8.484990488000221e-11
14101,1.3191647774135618e-10
14104,0.0
14105,0.0
14107,9.138245715689663e-11
14110,8.225442549303352e-11
14111,0.0
14112,1.1196621407805196e-10
14113,0.0
14114,2.1999291277552402e-10
14127,1.963869067367341e-10
14128,0.0
14129,0.0
14130,0.0
14132,0.0
14133,0.0
14135,1.4368972678369119e-10
14142,0.0
14145,0.0
14146,1.520557013634516e-10
14147,0.0
14148,0.0
14149,0.0
14150,0.0
14152,0.0
14154,0.0
14155,0.0
14156,7.567502180449992e-11
14157,0.0
14159,7.820966096971915e-11
14161,1.284836681492152e-10
14162,7.831713055850287e-11
14163,1.2018763762000617e-10
14165,0.0
14167,7.329270523825926e-11
14173,0.0
14175,7.581579808402239e-11
14176,4.778590856346909e-10
14177,0.0
14178,0.0
14180,1.0009593154336471e-10
14185,0.0
14188,1.1553979994971542e-10
14189,1.9646262394701353e-10
14191,1.2190803921896531e-10
14193,0.0
14194,8.911693605284654e-11
14195,1.1764789142887366e-10
14198,0.0
14199,0.0
14201,1.0146683493417186e-10
14205,0.0
14206,0.0
14209,1.3879364324509424e-10
14210,1.3551626487640078e-10
14211,2.4154189759428846e-10
14214,7.660783118978998e-11
14215,1.0019740592781545e-10
14217,1.3715806268521646e-10
14220,1.4109091672764862e-10
14221,9.924794319715602e-11
14222,0.0
14223,0.0
14224,1.1381939835075627e-10
14226,1.2559797646360948e-10
14227,1.504325553014496e-10
14229,2.8328295265112047e-10
14231,9.751244256506197e-11
14232,9.286393876095644e-11
14233,1.4164003303562822e-10
14235,1.6976509087385239e-10
14236,0.0
14237,0.0
14238,0.0
14239,2.1215829093534921e-10
14240,0.0
14241,0.0
14242,1.3757595063168537e-10
14243,9.632938891002141e-11
14245,1.4801004866171752e-10
14246,0.0
14247,0.0
14248,0.0
14256,1.5764811678309343e-10
14257,8.500666837107929e-11
14258,1.569311347537905e-10
14262,0.0
14264,0.0
14267,0.0
14270,0.0
14271,0.0
14272,0.0
14273,1.6349144260630055e-10
14276,8.406231266633313e-11
14277,0.0
14280,0.0
14282,9.610268136839295e-11
14285,0.0
14286,0.0
14287,0.0
14288,0.0
14289,9.401834866196168e-11
14290,0.0
14291,8.295697462301632e-11
14292,1.1111866982105312e-10
14293,2.63460808724858e-10
14297,0.0
14298,8.37321323388096e-11
14299,1.8820311975531467e-09
14304,0.0
14307,1.3375323071329603e-10
14309,8.085665470503045e-11
14311,0.0
14312,1.0507861247788242e-10
14315,9.841705228552655e-11
14320,1.0172196418523072e-10
14321,7.87379050848358e-11
14323,0.0
14326,0.0
14327,0.0
14329,7.244072008916191e-11
14334,1.595088505723652e-10
14336,1.3138490295716565e-10
14338,0.0
14339,0.0
14340,0.0
14341,1.1438627822712988e-10
14342,0.0
14344,1.9625767677666772e-10
14346,0.0
14348,0.0
14350,0.0
14351,0.0
14352,1.781026437441824e-10
14353,0.0
14355,0.0
14364,7.69575514425469e-11
14367,1.3210410543251783e-10
14368,0.0
14371,0.0
14373,0.0
14375,0.0
14377,9.929368438577058e-11
14379,0.0
14383,0.0
14386,0.0
14388,1.1033440827645791e-10
14389,0.0
14390,1.2142931105074695e-10
14393,0.0
14395,9.768941211518722e-11
14396,0.0
14397,9.58839674325418e-11
14401,7.830136539155319e-11
14403,1.5777135153882682e-10
14404,7.800449175476842e-11
14407,1.1453438197861487e-10
14408,8.711409371642276e-11
14409,3.179727592339532e-10
14410,2.1937518468462258e-10
14411,0.0
14413,0.0
14414,0.0
14415,1.115372239013368e-10
14419,1.4536860604152935e-10
14421,0.0
14422,7.69779795462e-11
14423,0.0
14426,8.753109348447197e-11
14428,1.4566636785673381e-10
14431,0.0
14437,0.0
14438,0.0
14439,0.0
14440,3.1665514654832805e-10
14441,0.0
14442,1.0273515371750364e-10
14443,2.825515377224974e-10
14446,0.0
14447,1.0143641482329713e-10
14448,0.0
14449,1.3395817788364184e-10
14450,8.919154304010135e-11
14451,0.0
14453,0.0
14457,0.0
14460,7.629763487670971e-11
14461,8.469447365655469e-11
14462,1.1376233288729054e-10
14463,8.09838862636525e-11
14465,1.783484471218344e-10
14466,1.0117195969883142e-10
14467,0.0
14470,0.0
14472,1.14871667733496e-10
14473,0.0
14475,8.779243998446873e-11
14476,0.0
14477,8.676948048957911e-11
14479,1.4632339784270698e-10
14481,7.206324426078936e-11
14482,0.0
14483,0.0
14487,0.0
14489,0.0
14491,7.699907378366788e-11
14496,2.7580293604501094e-10
14497,0.0
14498,8.358957970244774e-11
14499,0.0
14500,0.0
14501,8.419309693863397e-11
14502,4.879934234480743e-10
14503,0.0
14504,3.637279366586199e-10
14505,1.6077317255280832e-10
14506,1.9841639442574888e-10
14507,1.3096546069846227e-10
14512,1.0135203787342562e-10
14513,1.1195999682911406e-10
14514,9.736300654594743e-11
14515,1.1449197145907419e-10
14520,0.0
14522,0.0
14524,8.95326035532662e-11
14525,1.0912959425013469e-10
14527,7.850320393743004e-11
14530,9.922906940573739e-11
14532,2.5644530943225163e-10
14533,0.0
14534,9.683609469846033e-11
14535,0.0
14536,0.0
14538,0.0
14540,0.0
14541,8.28148660758643e-11
14542,0.0
14543,9.883072138450189e-11
14544,0.0
14546,1.1951883926997198e-10
14548,0.0
14549,0.0
14551,0.0
14553,1.1218537210311297e-10
14555,0.0
14560,2.416427058449244e-10
14561,0.0
14562,1.0573519837464573e-10
14565,9.658251975963594e-11
14570,0.0
14572,2.9636360032725406e-10
14573,1.1605294503169716e-10
14576,0.0
14577,7.147393787931833e-11
14583,7.64590613044902e-11
14584,9.272937973037187e-11
14586,0.0
14587,1.522570958201186e-10
14589,0.0
14591,0.0
14593,0.0
14594,0.0
14595,0.0
14597,0.0
14600,0.0
14603,0.0
14606,8.538347806563706e-11
14607,0.0
14608,0.0
14616,2.459068504379047e-10
14618,0.0
14619,0.0
14620,1.1217360373905194e-10
14621,8.438116871900547e-11
14622,0.0
14623,9.893152963513785e-11
14625,9.005929335614837e-11
14626,0.0
14628,0.0
14631,1.5609513681624776e-10
14632,0.0
14633,0.0
14636,0.0
14639,2.2920554343386357e-10
14640,7.908318444549423e-11
14643,7.470246643492828e-11
14644,0.0
14645,0.0
14646,8.375011795180853e-11
14647,0.0
14649,0.0
14651,0.0
14653,0.0
14655,0.0
14656,7.565925663755024e-11
14657,2.601252546696742e-10
14659,1.2630829715476466e-10
14662,2.1225687873993593e-10
14665,4.0359404707146496e-10
14667,1.088209522492889e-10
14669,1.4506018608528848e-10
14670,0.0
14672,1.3258394382376082e-10
14673,0.0
14676,1.5182477497432956e-10
14680,1.272595362422635e-10
14681,0.0
14682,1.1473466621225725e-10
14684,1.0457057442181394e-10
14688,7.700617921102548e-11
14689,0.0
14691,0.0
14692,2.0851076421024572e-10
14693,0.0
14696,1.0103406999917297e-10
14697,0.0
14699,0.0
14700,1.0273648598513319e-10
14701,9.258038780046718e-11
14702,2.0859693972141713e-09
14704,0.0
14705,0.0
14708,0.0
14709,1.1419820644675838e-10
14711,1.6815904224642964e-10
14713,1.3337309034966438e-10
14715,3.256959146824556e-10
14719,8.710387966459621e-11
14723,6.415883380128662e-10
14727,0.0
14729,0.0
14730,1.0058176513894068e-10
14731,1.6120749180004168e-10
14732,1.0471601363803984e-10
14733,9.2035934429191e-11
14735,1.21156640275899e-10
14737,0.0
14738,1.4180323582024812e-10
14739,1.3591261449619196e-10
14740,1.2567547003072832e-10
14741,7.216960362654845e-11
14744,9.713732040950163e-10
14745,8.798672901377813e-11
14747,0.0
14748,1.0111156356629181e-10
14754,0.0
14755,9.449907523162437e-11
14758,1.656856873921697e-10
14759,0.0
14760,0.0
14761,0.0
14762,0.0
14765,0.0
14766,7.698175430448373e-11
14769,1.3024070710798696e-10
14770,1.3546874733094683e-10
14775,0.0
14776,8.669198692246027e-11
14778,0.0
14779,5.421547655259928e-10
14782,0.0
14784,0.0
14790,0.0
14794,1.4440515450075964e-10
14795,0.0
14796,1.0236234082583451e-10
14798,0.0
14800,1.515803038643071e-10
14803,3.2378255632181663e-10
14805,0.0
14808,7.791034484228021e-11
14810,2.129538767547956e-10
14813,0.0
14816,0.0
14817,1.0721978860317449e-10
14818,7.667133594679854e-11
14819,0.0
14820,0.0
14821,0.0
14823,1.0150813523068791e-10
14825,8.222400538215879e-11
14828,1.0794742877351382e-10
14829,8.898903836040972e-11
14834,0.0
14837,7.578737637459199e-11
14840,0.0
14841,9.108891418918574e-11
14842,9.166289949291695e-11
14844,8.464695611110074e-11
14849,1.0055045684964625e-10
14850,0.0
14851,0.0
14852,8.45685743655622e-11
14853,0.0
14854,7.465716933552358e-11
14859,0.0
14865,0.0
14866,0.0
14867,9.346989848779685e-11
14868,0.0
14870,0.0
14871,8.407941010091236e-11
14873,0.0
14875,0.0
14878,9.062794958936138e-11
14880,8.858247468879199e-11
14883,7.184208783428403e-11
14886,0.0
14888,0.0
14889,0.0
14890,0.0
14891,0.0
14895,1.067141930377602e-10
14896,9.534839584546262e-11
14897,0.0
14898,2.49015918996065e-10
14901,2.3724555653359403e-09
14903,1.35471189821601e-10
14905,0.0
14907,7.199554286074772e-10
14911,8.691891650869366e-11
14912,0.0
14913,8.903211501376518e-11
14915,0.0
14916,0.0
14920,0.0
14921,0.0
14924,0.0
14930,0.0
14931,0.0
14932,0.0
14934,0.0
14935,0.0
14936,8.079914515235487e-11
14944,1.0080003498558199e-10
14948,0.0
14952,1.6662893287389124e-10
14957,0.0
14958,9.514611321037592e-11
14959,1.217570488876163e-10
14960,0.0
14961,2.2624346840416365e-10
14962,0.0
14963,0.0
14964,0.0
14970,1.7894663528750243e-10
14973,0.0
14976,1.1013723266728448e-10
14978,2.90543811232169e-10
14981,0.0
14984,0.0
14985,9.173994897082594e-11
14987,0.0
14988,0.0
14995,0.0
14997,0.0
14998,7.820188940854678e-11
15002,4.682254584054135e-10
15005,1.5582513057665892e-10
15012,0.0
15014,0.0
15016,0.0
15018,1.4393664038436782e-10
15019,0.0
15021,8.519052130395721e-11
15023,8.006395546544809e-11
15024,2.353373051988683e-10
15026,1.9169132947638445e-10
15027,7.975109461710872e-11
15028,0.0
15030,0.0
15031,0.0
15032,1.502444835210781e-10
15033,1.3003487175922146e-10
15034,2.349018757286103e-10
15036,1.0097744862491709e-10
15038,1.015931783143742e-10
15039,1.6881918085687175e-10
15041,0.0
15042,0.0
15044,1.201461152788852e-10
15045,0.0
15046,1.0650480497531589e-10
15047,0.0
15048,1.0785883297614873e-10
15049,0.0
15052,0.0
15053,0.0
15057,2.5483548604654516e-10
15058,1.0407719130967052e-10
15059,8.328027156778717e-11
15061,1.2770096091685446e-10
15062,1.3535750298387939e-10
15063,0.0
15065,7.278289082535139e-11
15067,0.0
15068,0.0
15069,0.0
15070,0.0
15071,0.0
15073,1.1976886149511756e-10
15076,0.0
15078,1.8395618361921606e-10
15079,1.249131909020207e-10
15081,9.811373935519896e-11
15083,0.0
15087,0.0
15090,0.0
15092,1.2739209687140374e-10
15093,1.3615042426806667e-10
15095,0.0
15098,0.0
15100,1.0161644858897034e-09
15101,0.0
15104,1.0099765468396527e-10
15106,1.2739653776350224e-10
15107,6.37038000128598e-09
15108,1.2427947559956465e-10
15109,0.0
15110,0.0
15111,0.0
15114,1.042419484065249e-10
15116,0.0
15117,0.0
15119,0.0
15121,0.0
15122,1.0693845808873448e-10
15123,0.0
15124,0.0
15125,9.392131516960944e-11
15128,7.728950812690982e-11
15129,1.0891643142940666e-10
15130,0.0
15132,1.1044232195445147e-10
15133,2.1243162784401193e-10
15134,9.603606798691544e-11
15135,0.0
15139,1.3984324809257487e-10
15140,1.3819767552547546e-10
15143,0.0
15144,2.1478974154831576e-10
15145,1.9016210828226576e-10
15146,7.203526664056881e-11
15147,0.0
15150,9.207146156597901e-11
15152,0.0
15157,0.0
15159,9.583200899498934e-11
15160,0.0
15163,0.0
15164,1.0234657565888483e-10
15165,0.0
15167,0.0
15171,0.0
15172,1.157676177143685e-10
15174,0.0
15178,0.0
15179,2.0463364336364975e-10
15180,0.0
15181,8.11914979692574e-11
15182,0.0
15184,0.0
15186,0.0
15187,7.772116283888408e-11
15189,7.622591446931892e-11
15192,8.644995830309199e-11
15194,9.474110385099266e-11
15197,1.4840351170164467e-10
15199,1.4893575261964997e-10
15201,1.25928156791133e-10
15203,9.769141051663155e-11
15204,0.0
15206,0.0
15208,7.122546996640722e-11
15210,0.0
15211,0.0
15212,0.0
15213,5.018396809219894e-10
15214,9.309197857021445e-11
15218,9.380940468872723e-11
15219,0.0
15220,8.189959821436332e-11
15221,0.0
15222,0.0
15223,1.8111423472078059e-10
15224,7.510436716984259e-10
15225,0.0
15226,0.0
15227,1.511917258056883e-10
15228,7.5369710472728e-11
15230,2.7550783876506557e-10
15234,0.0
15235,6.201568147901071e-10
15236,0.0
15237,1.376587732693224e-10
15238,0.0
15240,1.0565615049529242e-10
15241,1.1097767149692572e-10
15244,0.0
15245,9.455014549075713e-11
15246,1.292794760132665e-10
15249,2.2270962851678178e-10
15251,9.790013244526108e-11
15252,0.0
15253,0.0
15257,0.0
15258,7.740719176752009e-11
15260,9.966605318822985e-11
15262,0.0
15265,0.0
15266,0.0
15267,0.0
15270,2.388038655709579e-10
15271,1.0555378793242198e-10
15279,0.0
15280,0.0
15281,1.7837109567153675e-10
15288,1.077715694464132e-10
15289,0.0
15290,2.6515989404174434e-10
15291,1.0519851656454193e-10
15292,0.0
15296,8.809775131624065e-11
15298,1.1249756681763756e-10
15299,1.5773848893729792e-10
15301,8.781930738166466e-11
15303,0.0
15304,7.380074329432773e-11
15308,0.0
15311,8.38749070197764e-11
15312,1.0601541866606112e-10
15314,0.0
15316,0.0
15319,0.0
15321,0.0
15326,0.0
15329,0.0
15332,8.066214363111612e-10
15333,0.0
15334,7.240852362144778e-11
15339,0.0
15346,0.0
15347,0.0
15349,0.0
15350,0.0
15351,0.0
15353,1.467839183533215e-10
15356,9.386713628600774e-11
15358,1.1404299726791578e-10
15361,0.0
15363,0.0
15364,0.0
15365,0.0
15366,0.0
15367,2.1299895180959538e-10
15370,1.1995693327548906e-10
15373,9.32902644024125e-11
15376,0.0
15379,8.498646231203111e-11
15380,0.0
15381,1.3168843793209817e-10
15382,9.786105259479427e-11
15384,7.417444436441656e-11
15386,0.0
15388,0.0
15389,0.0
15392,0.0
15393,0.0
15394,9.618861263049894e-11
15395,0.0
15397,0.0
15400,8.878586754690332e-11
15402,0.0
15405,0.0
15406,0.0
15407,9.484124596781385e-11
15408,0.0
15410,9.544853796228381e-11
15411,0.0
15412,0.0
15414,0.0
15415,0.0
15416,1.8190227102365952e-10
15421,1.1680945100067675e-10
15422,0.0
15424,0.0
15426,1.501689883554036e-10
15433,1.322706388862116e-10
15434,0.0
15436,0.0
15437,0.0
15440,0.0
15442,0.0
15443,0.0
15445,0.0
15447,0.0
15448,0.0
15449,9.220935126563745e-11
15452,0.0
15453,8.15703060652595e-11
15454,0.0
15456,2.0955592816562785e-10
15457,0.0
15460,0.0
15462,0.0
15464,0.0
15465,1.6952328429908903e-10
15482,7.30215887756458e-11
15483,0.0
15485,4.053499758072121e-10
15489,0.0
15491,1.0167511277359154e-10
15493,2.413886868168902e-10
15497,0.0
15498,9.013612078945243e-11
15502,3.105180557128051e-10
15503,0.0
15507,0.0
15508,1.6057133400693147e-10
15512,0.0
15513,1.1326672932909787e-10
15514,1.9440826726224714e-10
15517,0.0
15518,1.4303824791284114e-10
15521,2.0381896170817981e-10
15525,0.0
15527,9.588774219082552e-11
15528,0.0
15529,2.6722779544741115e-10
15530,7.697020798502763e-11
15532,7.26783078164317e-11
15535,8.095701886645656e-11
15537,0.0
15543,0.0
15544,8.588441069434793e-11
15545,0.0
15547,1.4843237750028493e-10
15549,0.0
15550,7.5876194216562e-11
15552,0.0
15554,0.0
15555,1.0342415812658601e-10
15561,0.0
15562,0.0
15563,9.318634752730759e-11
15569,0.0
15570,2.783695496333394e-10
15572,2.1933210803126713e-10
15574,8.254619210390501e-11
15577,0.0
15579,0.0
15581,9.489031782550228e-11
15582,0.0
15585,0.0
15587,0.0
15589,1.9352208724399134e-10
15594,0.0
15596,1.5904633166030635e-10
15599,0.0
15601,9.43316535995109e-11
15602,1.4514323076753044e-10
15605,2.09774642101479e-10
15606,9.014033963694601e-11
15607,0.0
15609,0.0
15611,7.246225841583964e-11
15615,1.4709278239877221e-10
15620,1.0986389575862177e-10
15622,1.2611223176861586e-10
15624,1.249098602329468e-10
15625,8.910072679668701e-11
15626,0.0
15628,8.750200564122679e-11
15630,0.0
15632,1.1102940788987326e-10
15636,0.0
15640,1.3932077713718627e-10
15641,2.57166954398258e-10
15643,9.53881418297442e-11
15644,7.571765436864553e-11
15646,1.3395817788364184e-10
15648,1.1637757424409756e-10
15649,4.339117953833238e-10
15651,0.0
15655,0.0
15656,9.051182026098559e-11
15658,1.178876996021927e-10
15660,1.1310774539197155e-10
15661,4.3152859063866345e-10
15665,7.614398001010159e-11
15668,0.0
15669,8.255973682480544e-11
15670,0.0
15671,3.9245517946540076e-10
15673,1.1084511086778548e-10
15674,2.204805227279394e-10
15675,0.0
15676,0.0
15679,0.0
15680,0.0
15681,8.759371006306083e-11
15687,1.1865730620286286e-10
15689,0.0
15691,0.0
15694,1.1178413750201344e-10
15695,0.0
15696,3.808524606796482e-10
15700,9.070588724569006e-11
15703,0.0
15704,1.0749068302118303e-10
15705,0.0
15708,2.3156410122737725e-10
15709,0.0
15712,8.68625171790427e-11
15713,0.0
15716,1.0832224006662727e-10
15717,0.0
15719,1.2083956058006606e-10
15722,9.02147245795959e-11
15723,0.0
15724,1.0660694549358141e-10
15727,1.2323631004562685e-10
15729,0.0
15730,0.0
15732,1.0052980670138822e-10
15733,0.0
15734,0.0
15737,1.1654766041147013e-10
15738,1.4187340191540443e-10
15743,0.0
15745,0.0
15747,0.0
15750,7.686495884229316e-11
15752,2.0165580316700016e-10
15753,0.0
15754,0.0
15755,1.5932988262079562e-10
15756,1.4499668132827992e-10
15757,0.0
15759,1.3757106565037702e-10
15764,8.90278961662716e-11
15768,1.3942802468136506e-10
15769,1.1365797192297578e-10
15775,0.0
15777,1.883875277997049e-10
15780,8.919687211061955e-11
15781,0.0
15785,9.948442070140118e-11
15789,0.0
15791,0.0
15793,0.0
15796,1.1532197419228396e-10
15797,1.4758283484184176e-10
15799,8.459144495986948e-11
15800,0.0
15804,8.178413501980231e-11
15805,9.910694487302862e-11
15806,0.0
15808,1.2032976837161868e-09
15809,1.0837331032576003e-10
15810,7.920131217531434e-11
15811,1.3642909024724759e-10
15812,1.014628381312832e-10
15813,1.3815215638146583e-10
15815,1.9588375366197397e-10
15819,1.0617773327226132e-10
15820,0.0
15822,0.0
15823,0.0
15825,0.0
15826,0.0
15827,1.3102496865258217e-10
15831,0.0
15832,0.0
15834,7.285416714353232e-11
15835,1.841675700831047e-10
15838,7.797895662520204e-11
15840,0.0
15841,1.1243206365918468e-10
15843,0.0
15845,9.321121652305919e-11
15847,0.0
15850,0.0
15852,1.1464762472712664e-10
15854,9.181566618110537e-11
15855,1.1764433871519486e-10
15856,1.39561473488925e-10
15858,2.1549695361500198e-10
15860,1.610895861148265e-10
15861,0.0
15862,9.445311199840489e-11
15863,0.0
15864,8.010325736051982e-11
15865,0.0
15867,1.5499868055712795e-10
15869,0.0
15874,1.0532574812316398e-10
15880,0.0
15881,6.878619895900329e-10
15882,9.07967034891044e-11
15885,0.0
15889,0.0
15891,0.0
15894,1.443996033856365e-10
15897,0.0
15898,1.9459878153327281e-10
15899,0.0
15903,1.4214518451183267e-10
15906,1.5518497598066006e-10
15907,8.924860850356708e-11
15909,0.0
15910,1.6791501522561703e-10
15912,8.812195417817748e-11
15916,1.0856204823994631e-10
15917,0.0
15918,9.622658225794112e-11
15919,0.0
15921,0.0
15922,0.0
15923,0.0
15925,0.0
15932,7.623146558444205e-11
15935,0.0
15938,1.441378127964299e-10
15939,1.4266987591327052e-10
15940,0.0
15944,0.0
15945,0.0
15950,0.0
15951,0.0
15952,0.0
15953,1.491560208677356e-10
15955,1.1033440827645791e-10
15965,0.0
15967,0.0
15969,0.0
15970,0.0
15971,4.113396290250648e-10
15973,0.0
15974,1.1205236738476287e-10
15976,7.387335188013822e-11
15980,0.0
15981,8.097700288089982e-11
15983,2.3121788927937814e-09
15984,3.0029490005745174e-10
15985,0.0
15987,1.0597189792349582e-10
15990,0.0
15996,7.37712113618727e-11
15998,7.77939934692995e-11
16003,7.218003972297993e-11
16005,8.774581061743447e-11
16006,0.0
16007,9.461387229237062e-11
16008,0.0
16010,1.9913315441044688e-10
16011,1.070814548143062e-10
16013,1.2707346286333632e-10
16014,0.0
16016,1.0262013461215247e-10
16018,0.0
16019,4.07796685308881e-10
16022,0.0
16023,9.96629445637609e-11
16027,9.227085762120169e-11
16029,8.276823670883005e-11
16030,0.0
16031,0.0
16033,7.878764307633901e-11
16034,1.0879386280748804e-10
16036,0.0
16037,3.0268565431867955e-10
16038,9.302403292110739e-11
16040,0.0
16042,0.0
16043,1.4164003303562822e-10
16045,1.8969803505797245e-10
16048,0.0
16050,0.0
16055,0.0
16057,1.205302524454055e-10
16059,7.172107352459989e-11
16062,1.307882691037321e-10
16063,0.0
16065,0.0
16072,0.0
16073,0.0
16076,0.0
16078,0.0
16080,0.0
16081,9.047229632130893e-11
16083,0.0
16084,0.0
16085,1.4343237708658307e-10
16086,1.0740830447275584e-10
16091,0.0
16092,1.1012546430322345e-10
16094,0.0
16096,0.0
16097,0.0
16098,9.806644385434993e-11
16099,0.0
16103,1.2089818035576627e-10
16105,0.0
16107,0.0
16109,1.2147371997173195e-10
16110,2.135100984901328e-10
16112,6.200753244200996e-10
16113,0.0
16114,0.0
16115,1.0179435072643628e-10
16116,0.0
16117,0.0
16121,0.0
16122,4.0839820414362293e-10
16124,0.0
16125,0.0
16126,8.68642935358821e-11
16128,0.0
16131,1.3815215638146583e-10
16133,2.0699886249531119e-10
16134,0.0
16135,0.0
16136,0.0
16139,0.0
16140,0.0
16142,0.0
16143,1.516964331926829e-10
16144,0.0
16145,9.184408789053577e-11
16146,1.3360446082799626e-10
16148,0.0
16150,1.6951395842568218e-10
16152,0.0
16153,9.157163916029276e-11
16156,1.3384005015382172e-10
16159,0.0
16161,9.371214915177006e-11
16162,0.0
16163,1.2021650341864643e-10
16168,1.7432233434533373e-10
16170,1.0692136065415525e-10
16172,8.351608293821755e-11
16175,8.123968164852613e-11
16180,8.633405101932112e-11
16182,1.0649636728032874e-10
16184,9.928791122604252e-11
16185,0.0
16186,1.0427103624977008e-10
16187,8.481659818926346e-11
16188,1.9679546880979615e-10
16191,6.899365523338474e-10
16193,0.0
16200,0.0
16202,0.0
16203,1.1344680750369207e-10
16205,0.0
16206,1.0458678367797347e-10
16208,0.0
16209,9.880785079019461e-11
16210,3.455684627340361e-10
16212,0.0
16214,8.065970114046195e-11
16216,0.0
16217,1.7064327728633089e-10
16218,1.1410872247097359e-10
16221,1.8292856118762302e-10
16222,0.0
16224,2.5064683661923937e-10
16225,8.152900576874345e-11
16226,1.8727264183837633e-10
16227,0.0
16229,0.0
16230,1.0933853822336914e-10
16232,0.0
16233,3.875197940317321e-10
16235,9.517098220612752e-11
16239,0.0
16241,9.263656508551321e-11
16242,7.40878469684958e-11
16244,9.975198445033584e-11
16245,0.0
16247,0.0
16249,1.2431922158384623e-10
16250,1.5405721143224582e-10
16253,0.0
16255,2.9057645178909297e-10
16256,0.0
16257,0.0
16258,7.847389404957994e-11
16261,0.0
16265,3.9448400102060077e-10
16266,1.0342571243882048e-10
16270,0.0
16271,0.0
16274,0.0
16275,0.0
16276,0.0
16279,0.0
16282,0.0
16283,0.0
16287,0.0
16293,1.168658503303277e-10
16297,0.0
16298,0.0
16303,0.0
16306,2.362516848819496e-10
16309,0.0
16315,0.0
16316,1.41519240770549e-10
16317,0.0
16319,0.0
16320,8.287814878826794e-11
16321,4.104490081147105e-10
16323,0.0
16324,0.0
16325,0.0
16326,8.455502964466177e-11
16327,1.2249468106517725e-10
16332,0.0
16333,1.9860446620612038e-10
16339,0.0
16341,0.0
16342,0.0
16348,1.0530709637635027e-10
16349,0.0
16350,0.0
16351,0.0
16353,6.428366727817547e-10
16356,1.2840262186841755e-10
16357,0.0
16358,0.0
16359,1.0090905888660018e-10
16365,2.1947887951512257e-10
16367,0.0
16369,0.0
16370,9.533351885693264e-11
16374,0.0
16377,0.0
16378,2.8806224072752684e-10
16383,0.0
16384,0.0
16385,0.0
16386,0.0
16387,0.0
16389,1.1217360373905194e-10
16392,0.0
16393,1.1764234031375054e-10
16394,8.074052537665466e-11
16395,7.600364781978897e-11
16398,0.0
16399,0.0
16401,2.155688960669977e-10
16402,1.6117795986758665e-10
16403,0.0
16405,4.638360806552555e-10
16407,1.523450254836689e-10
16409,1.5624879168285588e-10
16411,0.0
16414,0.0
16418,0.0
16419,7.649836319956194e-11
16422,8.732659040333601e-11
16424,0.0
16425,0.0
16426,0.0
16427,2.7667046431645304e-10
16431,1.185256337521423e-10
16434,1.1017142753644293e-10
16440,0.0
16441,0.0
16442,1.1631651197774318e-10
16444,1.0273581985131841e-10
16446,0.0
16448,0.0
16449,1.0264189498343512e-10
16455,1.321385223462812e-10
16456,1.481934575053856e-10
16457,0.0
16458,8.987610655708522e-11
16461,0.0
16462,8.915890248317737e-11
16463,0.0
16466,9.237499654091152e-11
16469,0.0
16470,8.760658865014648e-11
16471,0.0
16473,7.238987187463408e-11
16475,0.0
16477,1.9253820759956852e-10
16483,0.0
16484,8.827627517860037e-11
16493,8.086020741870925e-11
16494,0.0
16495,0.0
16496,1.058608756210333e-10
16497,1.4488854560568143e-10
16499,7.609977092926101e-10
16503,1.2975887031529965e-10
16509,0.0
16510,0.0
16511,0.0
16515,1.6953616288617468e-10
16517,0.0
16518,0.0
16519,0.0
16520,9.158518388119319e-11
16523,1.1455170145779903e-10
16525,7.521960831979868e-11
16526,0.0
16529,0.0
16531,4.829903144099035e-10
16532,0.0
16539,1.3375323071329603e-10
16545,0.0
16546,2.1201840283424644e-10
16549,0.0
16550,7.272382696044133e-11
16551,0.0
16552,1.2884271427537897e-10
16553,7.228706522255379e-11
16554,1.188882325919849e-10
16556,1.2925793768658878e-10
16558,1.2572387575460198e-10
16560,0.0
16565,0.0
16566,7.93898280448957e-11
16567,9.099698772274678e-11
16570,7.458211825905892e-11
16571,8.126677109032698e-11
16572,0.0
16573,0.0
16581,0.0
16583,0.0
16584,0.0
16586,0.0
16587,0.0
16592,1.0986278553559714e-10
16593,8.803913154054044e-11
16596,0.0
16598,0.0
16600,1.6240742084505655e-10
16607,2.10420347812601e-10
16609,1.433333451927865e-10
16610,0.0
16611,0.0
16612,8.713429977547094e-11
16614,0.0
16617,0.0
16618,1.3701950685174324e-10
16619,0.0
16620,0.0
16621,1.304281127545437e-10
16623,0.0
16624,0.0
16625,0.0
16626,8.102851722924242e-11
16628,1.781417235946492e-10
16633,9.058354066837637e-11
16634,1.088644729918542e-10
16637,0.0
16638,8.509646320931097e-10
16639,1.3885870231433728e-10
16642,0.0
16643,0.0
16644,9.042988580176825e-11
16647,7.967093651473078e-11
16652,1.7782753047868027e-10
16654,9.233636077965457e-11
16655,8.47966141748202e-11
16656,1.4052159436062084e-10
16657,0.0
16658,0.0
16659,0.0
16660,1.0841461062227609e-10
16665,0.0
16667,0.0
16668,9.661560440576977e-11
16670,8.856737565565709e-11
16671,0.0
16672,8.037837062602193e-11
16676,1.3660295117290389e-10
16678,1.9209966950484159e-10
16679,0.0
16681,1.7224066617416156e-10
16682,0.0
16684,2.8623658998583323e-10
16686,1.1631695606695303e-10
16690,0.0
16692,2.302897872397125e-10
16693,0.0
16696,1.6958745518991236e-10
16697,0.0
16698,1.788194037288804e-10
16700,1.17389209464136e-10
16701,9.429834690877215e-11
16705,1.4399703651690743e-10
16709,1.3136269849667315e-10
16710,2.0131518674304516e-10
16711,2.7441937611172307e-10
16712,1.0058176513894068e-10
16713,9.855560811899977e-11
16714,1.183790843128918e-10
16716,2.2733637194960465e-10
16717,7.559086689923333e-11
16718,0.0
16719,2.2998425386333565e-10
16721,0.0
16722,1.1254375209546197e-10
16725,4.372015638409721e-09
16726,1.0340039935385903e-10
16727,0.0
16728,7.562372950076224e-11
16729,1.924440606870803e-10
16730,1.406472716070084e-10
16735,1.4083489929817006e-10
16738,0.0
16739,0.0
16743,1.254154557983611e-10
16744,0.0
16745,1.6336221264623418e-10
16746,1.712892050420578e-10
16748,1.4641621248756564e-10
16750,0.0
16752,0.0
16755,1.300910490442675e-10
16756,0.0
16757,0.0
16763,0.0
16765,0.0
16766,0.0
16767,1.0136735895116544e-10
16768,0.0
16769,0.0
16770,2.2964075085951663e-10
16771,4.0479330998266505e-10
16774,0.0
16775,7.19828641138065e-11
16777,0.0
16778,0.0
16779,7.412648272975275e-11
16780,0.0
16781,0.0
16782,2.239792795677431e-10
16788,0.0
16791,1.3879364324509424e-10
16792,0.0
16794,1.0592682286869604e-10
16795,0.0
16801,7.226019782535786e-11
16804,0.0
16805,7.623479625351592e-11
16806,8.132139406313854e-11
16807,1.3440093482586235e-10
16808,0.0
16809,1.2552470174398422e-10
16810,0.0
16812,0.0
16813,9.546297086160394e-11
16814,1.3884182692436298e-10
16816,3.2189073628785536e-10
16817,1.2882361843935541e-10
16818,1.5984569223803646e-10
16823,0.0
16824,0.0
16825,0.0
16832,1.2377143754349618e-10
16833,1.7801005114392865e-10
16834,0.0
16835,0.0
16837,3.358942013420574e-10
16838,1.0087686241888605e-10
16839,1.229405466318667e-10
16841,8.314371413575827e-11
16842,0.0
16843,1.015567629991665e-10
16849,0.0
16850,0.0
16852,0.0
16858,0.0
16859,0.0
16863,0.0
16869,7.579781247102346e-11
16871,1.7336776458876102e-10
16872,0.0
16873,1.0415424078757951e-10
16875,2.9121927092035094e-10
16877,0.0
16880,8.850498112167315e-11
16882,1.505424673808875e-10
16883,8.364176018460512e-11
16885,0.0
16889,1.0509815240311582e-10
16891,0.0
16892,0.0
16893,0.0
16897,4.1360648239674447e-10
16898,7.815614821993222e-11
16899,9.826783831101693e-11
16904,7.62629959183414e-11
16905,1.683451156253568e-10
16906,1.1403855637581728e-10
16907,1.6745671516105176e-10
16912,1.3041701052429744e-10
16913,0.0
16915,7.742428920209932e-11
16916,0.0
16917,0.0
16918,0.0
16919,1.2811840477411351e-10
16923,1.1161338520082609e-10
16926,0.0
16927,1.905182678285655e-10
16928,7.53572759748522e-11
16931,1.0581691078925815e-10
16933,0.0
16938,8.915512772489365e-11
16940,7.549694203135004e-11
16942,1.0862977184444844e-10
16943,1.4113354929179422e-10
16945,7.392220169322172e-11
16947,0.0
16948,1.9202839318666065e-10
16949,1.0732348343367448e-10
16950,0.0
16951,0.0
16954,2.329103576670377e-10
16955,9.662404210075692e-11
16957,1.8315149397096775e-10
16960,0.0
16963,0.0
16965,0.0
16966,8.784040161913254e-11
16967,0.0
16969,0.0
16976,0.0
16979,0.0
16980,2.2240365105119508e-10
16983,9.146927659742232e-11
16985,1.5447532142331966e-10
16987,8.749601043689381e-11
16990,0.0
16992,1.0412581907814911e-10
16996,2.0822787938357123e-10
16997,6.505125327294081e-10
16998,1.0526823857048839e-10
17001,9.062794958936138e-11
17002,1.2421397244111176e-10
17007,1.1066658700542575e-10
17015,0.0
17017,3.023774564070436e-10
17018,0.0
17019,2.474982441214024e-10
17025,0.0
17026,8.257572403636004e-11
17027,9.568590364494867e-11
17029,0.0
17033,1.0422307461510627e-10
17034,0.0
17035,1.6727108587133444e-10
17041,0.0
17042,1.1107204045401886e-10
17043,8.421952024662005e-11
17045,0.0
17047,0.0
17048,2.496871598367534e-10
17049,1.2968537355106946e-10
17050,1.3268652843123618e-10
17051,0.0
17054,1.9242074600356318e-10
17058,1.2018763762000617e-10
17059,1.033610974587873e-10
17060,0.0
17061,9.194534023038159e-11
17062,1.4871213149802998e-09
17063,7.138933888484189e-11
17064,8.296141551511482e-11
17068,2.189708414590541e-10
17069,1.9054779976102054e-10
17071,1.1334955196673491e-10
17075,3.0820834773237493e-10
17076,1.8140600133165208e-10
17080,0.0
17082,0.0
17083,4.3745695954555686e-10
17085,3.2227909230186924e-10
17088,8.999112566243639e-11
17090,1.579290032083236e-10
17091,9.881584439597191e-11
17092,0.0
17094,0.0
17095,3.214246646621177e-10
17096,0.0
17097,3.5983416246665456e-10
17101,0.0
17102,0.0
17105,0.0
17107,1.1830980639615518e-10
17109,0.0
17110,0.0
17114,7.669131996124179e-11
17115,9.352785212968229e-11
17117,0.0
17118,0.0
17120,0.0
17124,0.0
17126,2.533315779373879e-10
17128,0.0
17133,1.165723073626168e-10
17134,0.0
17135,2.1067037003774658e-10
17138,0.0
17139,9.219069951882375e-11
17140,0.0
17142,0.0
17146,1.6675594238790836e-10
17147,1.0589396026716713e-10
17152,1.02994723860661e-10
17155,0.0
17157,0.0
17158,1.2164913520962273e-10
17159,0.0
17160,1.9442047971551801e-10
17162,1.2179368624742892e-10
17164,1.271416305570483e-10
17165,0.0
17166,0.0
17169,0.0
17171,0.0
17174,0.0
17175,8.352696312385888e-11
17176,0.0
17179,8.402234463744662e-11
17180,1.5500645211830033e-10
17181,0.0
17187,0.0
17188,7.276979019366081e-11
17189,0.0
17191,9.66007274172398e-11
17193,0.0
17194,1.8490964315276415e-10
17198,7.571692162144927e-10
17204,8.857159450315066e-11
17211,1.0491096880116402e-10
17212,0.0
17213,7.363842868812753e-10
17214,3.222688782500427e-10
17217,0.0
17218,1.9493806568959826e-10
17220,1.3911671814526017e-10
17223,2.825515377224974e-10
17226,0.0
17227,7.844880300922341e-11
17228,1.383877457072913e-10
17230,4.514226770169216e-10
17231,1.3491363581863425e-10
17234,0.0
17235,0.0
17236,9.695688696353955e-11
17238,1.2454548503626484e-10
17239,0.0
17242,0.0
17243,1.443267727552211e-10
17245,0.0
17250,0.0
17251,0.0
17252,0.0
17255,0.0
17256,0.0
17259,0.0
17262,1.5152390453465614e-10
17263,0.0
17265,0.0
17268,2.8497360027301966e-10
17272,1.1044232195445147e-10
17277,1.2858203390919698e-10
17278,0.0
17282,7.80326914195939e-11
17284,7.535838619787683e-11
17287,1.339586219728517e-10
17288,1.7406875940650934e-10
17289,0.0
17291,0.0
17293,2.9029845194372683e-10
17299,0.0
17302,1.0963252528028988e-10
17303,0.0
17306,1.0577383413590269e-10
17311,0.0
17314,8.0096818066977e-11
17315,6.522320461499476e-10
17320,1.2367551427416856e-10
17323,7.489142639371948e-11
17324,4.012461474189877e-10
17325,0.0
17329,0.0
17334,4.791198549014553e-10
17337,1.4539458526030558e-10
17338,1.6482615272650492e-10
17339,0.0
17340,1.1027823099141187e-10
17341,0.0
17343,0.0
17345,0.0
17346,1.0589862320387056e-10
17348,0.0
17349,0.0
17351,7.595590822973008e-11
17356,0.0
17358,2.8304225629938173e-10
17360,0.0
17361,8.916578586593005e-11
17362,1.560804818723227e-10
17364,1.8138024415748077e-10
17365,7.923839362433682e-11
17367,0.0
17368,8.841816168114747e-11
17370,0.0
17371,0.0
17372,7.719358485758221e-11
17373,0.0
17374,1.3369771956206478e-10
17375,1.0720824228371839e-10
17376,0.0
17377,9.696510261392177e-11
17381,1.597280085974262e-10
17384,0.0
17386,0.0
17388,1.193496412810191e-10
17389,7.560974069065196e-11
17391,7.263967205517474e-11
17392,2.888311811943822e-10
17394,0.0
17396,0.0
17398,1.335684896019984e-10
17400,1.5431034228186036e-10
17402,7.588840666983288e-11
17404,2.3199020482422839e-10
17406,4.157527655479498e-10
17408,0.0
17409,9.325340499799495e-11
17410,0.0
17411,0.0
17412,1.1611112071818752e-10
17414,0.0
17416,9.524114830128383e-11
17418,0.0
17419,6.652483008906529e-10
17420,7.4966921559394e-11
17422,9.18549680761771e-11
17423,0.0
17426,8.037703835839238e-11
17428,1.1005196753899327e-10
17429,1.024536011584587e-10
17430,0.0
17431,0.0
17436,0.0
17438,0.0
17440,0.0
17442,7.279354896638779e-11
17443,0.0
17444,0.0
17446,7.968892212772971e-11
17449,1.7141044139634687e-10
17450,1.2544831839989001e-10
17454,1.1168221902835285e-10
17455,0.0
17456,0.0
17457,1.4476575493915789e-10
17460,2.427205103572305e-10
17462,0.0
17463,8.507616833242082e-11
17469,0.0
17470,1.3245804453276833e-10
17472,1.0842482467410264e-10
17483,0.0
17486,0.0
17489,0.0
17490,0.0
17491,9.732747940915942e-11
17492,0.0
17496,0.0
17499,0.0
17501,0.0
17504,2.4791813046931566e-10
17505,0.0
17507,2.1330204269531805e-10
17508,0.0
17511,1.6141821213011553e-10
17512,2.3213519995124443e-10
17515,1.3041367985522356e-10
17516,1.298028351470748e-10
17517,0.0
17519,8.263856265955383e-11
17521,0.0
17522,1.1976197811236489e-10
17524,0.0
17525,0.0
17526,4.2347414463961286e-10
17527,0.0
17530,1.660449555629384e-10
17531,0.0
17535,0.0
17536,0.0
17537,0.0
17540,0.0
17542,0.0
17548,0.0
17550,1.1445200343018769e-10
17551,0.0
17552,0.0
17555,0.0
17556,0.0
17560,1.2956835604427397e-10
17562,0.0
17567,2.1720336640385085e-10
17569,0.0
17571,3.139901672000178e-10
17572,1.243607439249672e-10
17574,0.0
17576,1.445945585487607e-10
17578,0.0
17579,0.0
17580,2.2677393296532955e-10
17581,9.235567866028305e-11
17582,0.0
17585,7.762568365876632e-11
17588,8.097100767656684e-11
17589,9.911782505866995e-11
17591,1.5486478766035816e-10
17593,7.272493718346595e-11
17594,0.0
17596,9.66007274172398e-11
17597,0.0
17601,0.0
17602,0.0
17604,1.1873790839445064e-10
17609,3.67056829375656e-10
17611,8.480638413743691e-11
17612,1.1993406268118179e-10
17613,8.914780025293112e-11
17615,1.422608697509986e-10
17616,7.931677536987536e-11
17618,1.406685878890812e-10
17619,0.0
17621,3.2889846401928935e-10
17624,0.0
17625,0.0
17629,8.065170753468465e-11
17630,7.766876031212178e-11
17631,0.0
17634,2.150695177505213e-10
17639,0.0
17642,0.0
17643,0.0
17644,9.405431988795954e-11
17646,1.366651236622829e-10
17648,1.040476593772155e-10
17651,8.31181790061919e-11
17652,8.507394788637157e-11
17654,0.0
17655,1.4799694803002694e-10
17658,0.0
17659,8.204104062770057e-11
17663,1.2622747291857195e-10
17664,0.0
17667,1.154571993566833e-10
17669,8.668532558431252e-11
17670,0.0
17671,1.0075162926170833e-10
17672,0.0
17673,9.679901324943785e-11
17674,0.0
17675,1.6399881452855425e-10
17676,0.0
17677,1.0357337210109563e-10
17678,0.0
17682,9.77087299958157e-11
17685,6.789846462851301e-10
17686,1.0132894523451341e-10
17690,1.5697243505030656e-10
17691,6.743465785774561e-10
17692,1.5299472799767955e-10
17695,0.0
17696,9.064726746998986e-11
17697,0.0
17698,0.0
17700,1.2500067647636115e-10
17701,0.0
17702,7.189360218262664e-11
17704,7.630629461630178e-11
17705,1.6210788267301268e-10
17706,9.252931754133442e-11
17707,8.445799615230953e-11
17708,8.678524565652879e-11
17709,0.0
17711,0.0
17714,0.0
17715,0.0
17716,9.125344924143519e-11
17718,0.0
17719,1.3640333307307628e-10
17720,1.1266476640514611e-10
17722,9.465050965218325e-11
17723,9.903500242103291e-11
17725,1.168436458698352e-10
17730,7.252420886061373e-11
17731,0.0
17732,0.0
17733,0.0
17734,0.0
17735,7.885136987795249e-11
17738,0.0
17739,1.0356093760321983e-10
17742,0.0
17744,3.317048857809368e-10
17746,0.0
17749,8.520384398025271e-11
17750,0.0
17752,0.0
17754,0.0
17757,7.511657962311347e-11
17758,1.325279885833197e-10
17759,0.0
17760,0.0
17763,0.0
17764,0.0
17765,1.329243382031109e-10
17768,0.0
17769,8.131073592210214e-11
17770,1.5961432175970458e-10
17771,0.0
17774,1.829469908898318e-10
17775,0.0
17781,0.0
17783,0.0
17786,0.0
17787,5.294431559832447e-10
17789,0.0
17790,1.8833667958517708e-10
17795,8.539524642969809e-11
17796,6.597409285546973e-10
17797,0.0
17799,7.255129830241458e-11
17800,1.4641621248756564e-10
17802,7.96418486714856e-11
17809,8.746825486127818e-11
17811,9.742273654467226e-11
17812,0.0
17816,1.7276824415546344e-10
17817,0.0
17819,1.0943268513585735e-10
17827,1.320168419027823e-10
17828,8.382849969734707e-11
17829,0.0
17830,2.5500468403549803e-10
17837,0.0
17838,4.1267855799276276e-10
17841,1.2288747797128963e-10
17843,0.0
17848,8.049028110690415e-11
17849,1.957571882371667e-10
17850,8.722307320851996e-10
17854,9.957812352467954e-11
17855,0.0
17856,2.715181413037726e-10
17857,1.025068918636407e-10
17858,8.222600378360312e-11
17859,0.0
17860,0.0
17861,1.7838019950033868e-10
17862,0.0
17863,2.2057089488214388e-10
17864,0.0
17865,1.0742495781812522e-10
17867,1.0806133765584036e-10
17869,1.2880119193425799e-10
17870,0.0
17871,0.0
17873,9.662404210075692e-11
17874,1.0917111659125567e-10
17877,0.0
17879,0.0
17880,0.0
17881,0.0
17883,0.0
17884,6.153717535539727e-10
17886,1.3772583074000977e-10
17888,1.2738010646273779e-10
17889,1.098845459068798e-10
17890,3.6241276646364895e-10
17893,0.0
17894,2.396639775525955e-09
17897,7.829870085629409e-11
17898,0.0
17900,0.0
17905,5.471993969052846e-10
17906,0.0
17908,0.0
17912,1.4768855027824657e-09
17913,0.0
17917,1.5240919637449224e-10
17920,1.4311485330154028e-10
17921,0.0
17923,0.0
17924,2.4144686250338054e-10
17925,0.0
17926,0.0
17928,0.0
17929,1.9316725996532114e-10
17930,0.0
17931,0.0
17932,8.45445935482303e-11
17937,3.750850741113254e-10
17940,7.41029460016307e-11
17946,1.9476420476394196e-10
17949,1.9479617918705117e-10
17950,0.0
17951,6.214799785908554e-10
17954,1.3543521859560315e-10
17955,1.859186138375435e-10
17956,0.0
17960,0.0
17961,1.271407423786286e-10
17964,0.0
17965,7.433165194470348e-11
17966,9.107292697763114e-11
17967,0.0
17968,0.0
17969,7.265565926672934e-11
17970,0.0
17972,0.0
17974,0.0
17975,1.5733681024698853e-10
17976,0.0
17978,0.0
17979,7.557954262438216e-11
17980,7.30127069914488e-11
17987,0.0
17988,0.0
17990,1.7503754001779726e-10
17991,2.299340717826226e-10
17994,1.0716161291668413e-10
17995,0.0
17997,0.0
17999,0.0
18004,0.0
18008,2.3082802336205077e-10
18009,0.0
18010,0.0
18011,0.0
18016,9.16784426152617e-11
18017,7.500444709762633e-11
18018,0.0
18032,0.0
18036,0.0
18037,2.574587210091295e-10
18040,0.0
18041,1.9502466308551902e-10
18043,9.672063150389931e-11
18044,7.843548033292791e-11
18048,0.0
18050,0.0
18055,1.8126988798883303e-10
18056,0.0
18061,1.1036194180746861e-10
18062,8.049094724071892e-11
18064,0.0
18065,9.621015095717667e-11
18068,0.0
18069,8.853628941096758e-11
18071,1.5230638972241195e-10
18072,0.0
18073,8.433920228867464e-11
18074,0.0
18075,7.255840372977218e-11
18077,8.626610537021406e-11
18078,1.4650303192809133e-10
18079,0.0
18080,0.0
18085,3.666118519873862e-10
18086,0.0
18092,1.1583289882821646e-10
18093,4.670328568323612e-10
18094,1.8093282427855684e-10
18095,4.214724125262137e-10
18097,1.1712408820585551e-10
18102,1.3650858221581075e-10
18106,0.0
18108,0.0
18109,1.1977574487787024e-10
18112,0.0
18113,0.0
18114,0.0
18116,5.926590329607961e-10
18118,1.0275047479524346e-10
18119,0.0
18120,0.0
18125,1.2142997718456172e-10
18129,0.0
18135,0.0
18136,1.0951572981809932e-10
18138,0.0
18142,0.0
18144,2.2367085961150224e-10
18145,1.0353740087509777e-10
18146,0.0
18149,1.3263634635052313e-10
18150,0.0
18151,0.0
18155,7.615774677560694e-11
18156,0.0
18159,0.0
18160,0.0
18161,1.7601498036867724e-10
18165,0.0
18168,9.555289892659857e-11
18170,0.0
18171,1.397957305471209e-10
18172,2.879281257861521e-10
18173,1.350515255182927e-10
18176,0.0
18177,2.2633028784468934e-10
18178,1.370474844719638e-10
18179,4.1789527394087145e-10
18183,1.5791878915649704e-10
18185,0.0
18188,0.0
18189,0.0
18190,9.006062562377792e-11
18191,0.0
18193,0.0
18196,0.0
18198,1.00320196594339e-10
18202,9.866107930633916e-11
18204,0.0
18210,0.0
18211,0.0
18212,0.0
18213,0.0
18218,1.217685952070724e-10
18219,8.04525335240669e-11
18220,0.0
18221,1.0311507203653036e-10
18223,9.576894832719063e-11
18224,0.0
18225,1.5916579165775602e-10
18226,1.2637202395637814e-10
18227,0.0
18229,9.773670761603626e-11
18230,8.70203908931444e-11
18231,1.5961254540286518e-10
18232,1.3252288155740644e-10
18235,0.0
18236,9.76598801827322e-11
18239,2.090125850173763e-10
18241,7.409362012822385e-11
18242,1.3017231736967005e-10
18245,1.2635092971891027e-10
18246,0.0
18248,0.0
18250,0.0
18252,0.0
18257,7.935430090810769e-11
18259,0.0
18260,8.856737565565709e-11
18263,0.0
18269,0.0
18270,0.0
18272,1.8576562510475014e-10
18273,0.0
18280,0.0
18281,0.0
18283,8.638934012594746e-11
18287,0.0
